image,sex,idx_col
./images/104596791.jpg,Male,3068
./images/616846374.jpg,Unknown,31
./images/394097511.jpg,Male,1690
./images/473501571.jpg,Unknown,1311
./images/483588081.jpg,Unknown,1236
./images/255626681.jpg,Unknown,2328
./images/615307050.jpg,Unknown,173
./images/484627571.jpg,Male,1232
./images/205066501.jpg,Unknown,2584
./images/565298411.jpg,Unknown,742
./images/451853191.jpg,Unknown,1435
./images/574728111.jpg,Unknown,711
./images/221799811.jpg,Unknown,2474
./images/608041461.jpg,Unknown,526
./images/593140451.jpg,Unknown,634
./images/516923901.jpg,Unknown,1065
./images/608835077.jpg,Unknown,492
./images/131570751.jpg,Unknown,2952
./images/194341761.jpg,Female,2653
./images/361787281.jpg,Unknown,1851
./images/614284620.jpg,Unknown,228
./images/301774171.jpg,Unknown,2154
./images/614269011.jpg,Unknown,230
./images/219984091.jpg,Unknown,2486
./images/214714891.jpg,Unknown,2510
./images/190440121.jpg,Unknown,2671
./images/500510361.jpg,Unknown,1163
./images/110999351.jpg,Male,3021
./images/394083841.jpg,Unknown,1695
./images/478382051.jpg,Unknown,1272
./images/378727371.jpg,Unknown,1763
./images/247755121.jpg,Female,2375
./images/299936581.jpg,Male,2159
./images/494781811.jpg,Unknown,1187
./images/607257001.jpg,Unknown,538
./images/227554181.jpg,Unknown,2452
./images/609331768.jpg,Unknown,484
./images/202494021.jpg,Unknown,2606
./images/204913971.jpg,Male,2583
./images/387702471.jpg,Unknown,1729
./images/616656328.jpg,Unknown,61
./images/368577411.jpg,Unknown,1800
./images/612914150.jpg,Unknown,302
./images/136334181.jpg,Female,2934
./images/421572531.jpg,Unknown,1548
./images/361763641.jpg,Unknown,1853
./images/438811531.jpg,Unknown,1492
./images/600093941.jpg,Unknown,606
./images/374740911.jpg,Unknown,1774
./images/286345951.jpg,Male,2211
./images/208739061.jpg,Male,2538
./images/364864491.jpg,Unknown,1816
./images/51878671.jpg,Unknown,3252
./images/336378771.jpg,Unknown,2006
./images/374374331.jpg,Unknown,1781
./images/397475411.jpg,Unknown,1663
./images/612093434.jpg,Male,349
./images/316817651.jpg,Male,2088
./images/615786220.jpg,Unknown,126
./images/156998561.jpg,Unknown,2835
./images/266495191.jpg,Male,2283
./images/609712447.jpg,Unknown,473
./images/200121041.jpg,Unknown,2618
./images/205769291.jpg,Unknown,2580
./images/29347421.jpg,Female,3333
./images/442195471.jpg,Unknown,1479
./images/474489451.jpg,Unknown,1303
./images/343295161.jpg,Unknown,1974
./images/612576315.jpg,Unknown,325
./images/508642991.jpg,Unknown,1100
./images/614643522.jpg,Male,211
./images/374740861.jpg,Unknown,1777
./images/600491231.jpg,Unknown,604
./images/615771662.jpg,Unknown,130
./images/548092141.jpg,Unknown,850
./images/614661502.jpg,Unknown,210
./images/232288661.jpg,Unknown,2438
./images/464647941.jpg,Male,1378
./images/523209351.jpg,Unknown,1038
./images/528033291.jpg,Unknown,991
./images/260050751.jpg,Unknown,2312
./images/471046641.jpg,Unknown,1333
./images/617210192.jpg,Female,1
./images/257242451.jpg,Unknown,2321
./images/474507771.jpg,Unknown,1301
./images/123704621.jpg,Unknown,2972
./images/209216021.jpg,Unknown,2534
./images/291822461.jpg,Unknown,2186
./images/350900651.jpg,Unknown,1923
./images/613855312.jpg,Unknown,250
./images/610975782.jpg,Unknown,412
./images/256184711.jpg,Female,2325
./images/456884231.jpg,Male,1409
./images/615880023.jpg,Unknown,124
./images/611526978.jpg,Unknown,379
./images/489629581.jpg,Unknown,1201
./images/200375391.jpg,Male,2616
./images/156738521.jpg,Unknown,2845
./images/615385629.jpg,Unknown,168
./images/162855921.jpg,Unknown,2809
./images/107618491.jpg,Unknown,3046
./images/142629791.jpg,Unknown,2901
./images/240418151.jpg,Unknown,2410
./images/512430281.jpg,Unknown,1077
./images/439629381.jpg,Unknown,1489
./images/401355801.jpg,Unknown,1644
./images/529146131.jpg,Unknown,983
./images/384672991.jpg,Unknown,1746
./images/241021591.jpg,Male,2409
./images/287973641.jpg,Unknown,2205
./images/356434671.jpg,Unknown,1885
./images/609486854.jpg,Male,483
./images/194957651.jpg,Unknown,2644
./images/495416471.jpg,Unknown,1183
./images/386403261.jpg,Unknown,1735
./images/244316521.jpg,Unknown,2390
./images/152642971.jpg,Unknown,2864
./images/570592651.jpg,Unknown,732
./images/409055541.jpg,Unknown,1612
./images/476900041.jpg,Unknown,1283
./images/160860101.jpg,Male,2817
./images/144310271.jpg,Female,2892
./images/538710921.jpg,Unknown,916
./images/611746990.jpg,Unknown,373
./images/616656327.jpg,Unknown,62
./images/180004361.jpg,Unknown,2714
./images/190296191.jpg,Unknown,2673
./images/565298351.jpg,Unknown,743
./images/483311681.jpg,Unknown,1239
./images/421344041.jpg,Unknown,1558
./images/203037481.jpg,Male,2600
./images/515957161.jpg,Unknown,1068
./images/106755511.jpg,Unknown,3056
./images/281071121.jpg,Unknown,2239
./images/503364921.jpg,Male,1151
./images/504704421.jpg,Unknown,1143
./images/322639221.jpg,Unknown,2057
./images/277464241.jpg,Unknown,2242
./images/202270611.jpg,Unknown,2610
./images/493927241.jpg,Unknown,1188
./images/285921751.jpg,Unknown,2212
./images/363688291.jpg,Female,1834
./images/178934551.jpg,Unknown,2717
./images/616504462.jpg,Unknown,80
./images/358692111.jpg,Unknown,1863
./images/611866113.jpg,Male,364
./images/522226641.jpg,Unknown,1049
./images/587025761.jpg,Unknown,668
./images/50753461.jpg,Unknown,3258
./images/615763424.jpg,Unknown,139
./images/226281421.jpg,Unknown,2456
./images/616656326.jpg,Unknown,64
./images/602621931.jpg,Unknown,584
./images/606987751.jpg,Unknown,553
./images/248134621.jpg,Male,2371
./images/384672921.jpg,Unknown,1748
./images/610611175.jpg,Unknown,428
./images/368577541.jpg,Unknown,1798
./images/610816833.jpg,Unknown,417
./images/463432031.jpg,Unknown,1385
./images/205778311.jpg,Unknown,2556
./images/582858831.jpg,Unknown,681
./images/505629371.jpg,Unknown,1128
./images/315585551.jpg,Unknown,2098
./images/615632280.jpg,Unknown,157
./images/148136071.jpg,Male,2878
./images/226292561.jpg,Unknown,2455
./images/546087671.jpg,Unknown,857
./images/307784401.jpg,Unknown,2129
./images/611301285.jpg,Unknown,392
./images/305970161.jpg,Unknown,2140
./images/453200481.jpg,Unknown,1428
./images/615453677.jpg,Unknown,166
./images/89658171.jpg,Unknown,3132
./images/600093951.jpg,Unknown,605
./images/131796751.jpg,Unknown,2951
./images/533791111.jpg,Male,929
./images/190439721.jpg,Unknown,2672
./images/65390361.jpg,Unknown,3218
./images/452383861.jpg,Unknown,1432
./images/609812923.jpg,Unknown,464
./images/455471591.jpg,Female,1416
./images/557614181.jpg,Unknown,792
./images/272199191.jpg,Unknown,2252
./images/616990965.jpg,Unknown,12
./images/354591681.jpg,Unknown,1896
./images/612936574.jpg,Unknown,300
./images/194580521.jpg,Male,2648
./images/39636991.jpg,Unknown,3303
./images/575428461.jpg,Unknown,707
./images/616846321.jpg,Unknown,34
./images/550705011.jpg,Male,830
./images/416528981.jpg,Unknown,1574
./images/614616159.jpg,Unknown,212
./images/448668261.jpg,Unknown,1458
./images/24076041.jpg,Unknown,3341
./images/538835691.jpg,Unknown,907
./images/562405241.jpg,Unknown,762
./images/608831985.jpg,Unknown,493
./images/612576316.jpg,Unknown,326
./images/27781601.jpg,Unknown,3334
./images/29881981.jpg,Unknown,3332
./images/488339581.jpg,Male,1210
./images/394083791.jpg,Unknown,1697
./images/173121561.jpg,Male,2750
./images/545804111.jpg,Unknown,864
./images/301774251.jpg,Unknown,2153
./images/392994331.jpg,Unknown,1704
./images/564763061.jpg,Male,748
./images/607256961.jpg,Unknown,543
./images/492512381.jpg,Unknown,1192
./images/299725451.jpg,Unknown,2161
./images/616462433.jpg,Unknown,83
./images/401902711.jpg,Unknown,1641
./images/526307391.jpg,Unknown,1005
./images/212655571.jpg,Unknown,2516
./images/117269741.jpg,Male,3003
./images/540156371.jpg,Unknown,899
./images/613837357.jpg,Unknown,254
./images/590418291.jpg,Female,654
./images/613519689.jpg,Unknown,272
./images/399434211.jpg,Female,1651
./images/60849141.jpg,Unknown,3230
./images/442195391.jpg,Unknown,1480
./images/416528951.jpg,Unknown,1575
./images/409715891.jpg,Unknown,1606
./images/524479481.jpg,Unknown,1028
./images/504704411.jpg,Unknown,1141
./images/579364111.jpg,Unknown,696
./images/527018461.jpg,Unknown,998
./images/469717501.jpg,Unknown,1337
./images/615257857.jpg,Unknown,175
./images/364454011.jpg,Unknown,1820
./images/241143701.jpg,Unknown,2406
./images/446396951.jpg,Unknown,1468
./images/544759951.jpg,Female,868
./images/338361761.jpg,Unknown,2001
./images/505658891.jpg,Unknown,1126
./images/616205536.jpg,Unknown,96
./images/329145261.jpg,Unknown,2028
./images/596168751.jpg,Unknown,621
./images/324368671.jpg,Unknown,2044
./images/544242651.jpg,Unknown,871
./images/399150431.jpg,Unknown,1653
./images/533467641.jpg,Unknown,938
./images/315591101.jpg,Unknown,2094
./images/117632631.jpg,Unknown,2997
./images/516923891.jpg,Unknown,1064
./images/218061481.jpg,Female,2489
./images/196895571.jpg,Unknown,2632
./images/613809065.jpg,Unknown,264
./images/259733811.jpg,Female,2315
./images/102409741.jpg,Male,3078
./images/336895821.jpg,Unknown,2005
./images/527295221.jpg,Male,995
./images/344696031.jpg,Unknown,1969
./images/612050315.jpg,Female,352
./images/142646181.jpg,Unknown,2898
./images/508380251.jpg,Unknown,1107
./images/217308291.jpg,Unknown,2495
./images/566681011.jpg,Unknown,739
./images/346360611.jpg,Unknown,1952
./images/609714732.jpg,Unknown,472
./images/338667471.jpg,Unknown,1999
./images/226659991.jpg,Unknown,2453
./images/466694701.jpg,Male,1367
./images/79325251.jpg,Unknown,3174
./images/528885221.jpg,Unknown,986
./images/282782461.jpg,Unknown,2227
./images/576303591.jpg,Unknown,702
./images/615763426.jpg,Unknown,138
./images/604334981.jpg,Unknown,576
./images/241021601.jpg,Unknown,2408
./images/609966487.jpg,Unknown,454
./images/374595211.jpg,Unknown,1778
./images/50753451.jpg,Unknown,3259
./images/531507511.jpg,Unknown,960
./images/352205041.jpg,Unknown,1913
./images/428123051.jpg,Unknown,1529
./images/398365301.jpg,Unknown,1657
./images/452182101.jpg,Unknown,1433
./images/225342211.jpg,Unknown,2462
./images/89658101.jpg,Unknown,3136
./images/531455251.jpg,Unknown,961
./images/604564311.jpg,Unknown,572
./images/140797451.jpg,Female,2907
./images/364334561.jpg,Male,1829
./images/270242721.jpg,Unknown,2262
./images/610773942.jpg,Unknown,420
./images/291168281.jpg,Unknown,2191
./images/72311121.jpg,Female,3190
./images/612737541.jpg,Unknown,314
./images/610770158.jpg,Unknown,423
./images/145639281.jpg,Unknown,2887
./images/616604515.jpg,Unknown,68
./images/527458861.jpg,Female,993
./images/448893861.jpg,Unknown,1456
./images/49205111.jpg,Unknown,3265
./images/75133721.jpg,Male,3183
./images/559475781.jpg,Unknown,780
./images/411474621.jpg,Male,1594
./images/366134051.jpg,Unknown,1811
./images/113975891.jpg,Unknown,3008
./images/559003551.jpg,Unknown,782
./images/315596511.jpg,Unknown,2091
./images/63014781.jpg,Unknown,3226
./images/310169521.jpg,Unknown,2112
./images/104774251.jpg,Male,3066
./images/364447321.jpg,Male,1827
./images/485449271.jpg,Unknown,1228
./images/613233252.jpg,Unknown,285
./images/204148411.jpg,Unknown,2570
./images/587772651.jpg,Unknown,664
./images/469387871.jpg,Unknown,1338
./images/63857441.jpg,Unknown,3222
./images/142661621.jpg,Unknown,2896
./images/611438930.jpg,Unknown,381
./images/472621911.jpg,Male,1327
./images/203865401.jpg,Unknown,2595
./images/290747041.jpg,Unknown,2200
./images/584114471.jpg,Male,676
./images/593140571.jpg,Unknown,633
./images/342894961.jpg,Unknown,1977
./images/526397771.jpg,Unknown,1003
./images/533287611.jpg,Unknown,948
./images/246953971.jpg,Unknown,2377
./images/158358541.jpg,Female,2832
./images/203030291.jpg,Male,2601
./images/169287351.jpg,Unknown,2766
./images/30118411.jpg,Unknown,3326
./images/613737281.jpg,Unknown,268
./images/267046761.jpg,Unknown,2273
./images/92645291.jpg,Male,3116
./images/351992131.jpg,Unknown,1915
./images/602072961.jpg,Unknown,589
./images/265543731.jpg,Unknown,2290
./images/602545481.jpg,Female,585
./images/592464891.jpg,Unknown,641
./images/610022004.jpg,Unknown,451
./images/248134671.jpg,Male,2370
./images/598845001.jpg,Unknown,614
./images/266495211.jpg,Male,2282
./images/613670336.jpg,Unknown,270
./images/291168261.jpg,Unknown,2193
./images/282757621.jpg,Male,2229
./images/541794801.jpg,Male,890
./images/131948251.jpg,Male,2950
./images/613794403.jpg,Unknown,265
./images/117805791.jpg,Unknown,2996
./images/410431371.jpg,Unknown,1600
./images/575618151.jpg,Male,705
./images/612579039.jpg,Unknown,322
./images/523075321.jpg,Unknown,1039
./images/250214441.jpg,Unknown,2357
./images/66674141.jpg,Unknown,3211
./images/66674081.jpg,Unknown,3212
./images/91566211.jpg,Unknown,3122
./images/616462434.jpg,Unknown,82
./images/387768091.jpg,Unknown,1728
./images/465569201.jpg,Unknown,1376
./images/562473911.jpg,Unknown,756
./images/200121171.jpg,Unknown,2617
./images/467850571.jpg,Unknown,1356
./images/416888951.jpg,Unknown,1570
./images/408924461.jpg,Unknown,1617
./images/33696271.jpg,Unknown,3320
./images/590846931.jpg,Unknown,649
./images/482020971.jpg,Unknown,1245
./images/138450671.jpg,Unknown,2926
./images/535377981.jpg,Unknown,926
./images/473430091.jpg,Unknown,1316
./images/458041741.jpg,Female,1406
./images/476334341.jpg,Male,1291
./images/395322921.jpg,Unknown,1681
./images/504704441.jpg,Unknown,1140
./images/616961379.jpg,Unknown,20
./images/76697631.jpg,Unknown,3181
./images/81778321.jpg,Unknown,3164
./images/537299651.jpg,Unknown,921
./images/377168391.jpg,Unknown,1766
./images/571889451.jpg,Unknown,729
./images/614737750.jpg,Unknown,201
./images/586831081.jpg,Unknown,669
./images/524479421.jpg,Unknown,1029
./images/525110571.jpg,Male,1017
./images/29882141.jpg,Unknown,3329
./images/363240731.jpg,Unknown,1837
./images/524479781.jpg,Unknown,1025
./images/214998961.jpg,Unknown,2508
./images/291083551.jpg,Male,2196
./images/473986851.jpg,Unknown,1304
./images/244316461.jpg,Unknown,2394
./images/507430841.jpg,Unknown,1116
./images/132023591.jpg,Male,2945
./images/467520691.jpg,Unknown,1361
./images/616588566.jpg,Unknown,71
./images/615243439.jpg,Unknown,183
./images/421437721.jpg,Unknown,1549
./images/142629831.jpg,Unknown,2899
./images/171406681.jpg,Male,2760
./images/472743601.jpg,Unknown,1323
./images/454763961.jpg,Unknown,1419
./images/462362631.jpg,Unknown,1387
./images/315583371.jpg,Unknown,2101
./images/98629291.jpg,Unknown,3100
./images/560308231.jpg,Male,774
./images/517947371.jpg,Unknown,1061
./images/342627671.jpg,Unknown,1982
./images/250215111.jpg,Unknown,2354
./images/613712900.jpg,Unknown,269
./images/211993651.jpg,Unknown,2521
./images/423822461.jpg,Unknown,1540
./images/392723851.jpg,Unknown,1712
./images/90096661.jpg,Unknown,3127
./images/358003851.jpg,Unknown,1874
./images/116762401.jpg,Unknown,3004
./images/137021581.jpg,Unknown,2931
./images/373019471.jpg,Unknown,1785
./images/459774691.jpg,Unknown,1399
./images/563142011.jpg,Unknown,750
./images/342627711.jpg,Unknown,1978
./images/413666141.jpg,Unknown,1589
./images/605286901.jpg,Unknown,561
./images/488339591.jpg,Male,1209
./images/84618091.jpg,Unknown,3153
./images/549230601.jpg,Unknown,836
./images/612133200.jpg,Unknown,346
./images/502038131.jpg,Female,1156
./images/220558561.jpg,Unknown,2479
./images/558241781.jpg,Unknown,785
./images/371559651.jpg,Unknown,1787
./images/249190091.jpg,Male,2368
./images/485491271.jpg,Unknown,1223
./images/74810011.jpg,Unknown,3184
./images/392994361.jpg,Unknown,1702
./images/87855391.jpg,Male,3147
./images/508134761.jpg,Unknown,1109
./images/234979691.jpg,Unknown,2425
./images/592531871.jpg,Unknown,638
./images/615244045.jpg,Unknown,177
./images/301774271.jpg,Unknown,2151
./images/336349541.jpg,Unknown,2007
./images/530890981.jpg,Unknown,968
./images/608335883.jpg,Male,522
./images/392994391.jpg,Unknown,1700
./images/176141521.jpg,Unknown,2732
./images/613233251.jpg,Unknown,284
./images/292648771.jpg,Unknown,2185
./images/346369651.jpg,Unknown,1950
./images/139177811.jpg,Female,2920
./images/215942131.jpg,Unknown,2500
./images/158847651.jpg,Unknown,2829
./images/530812281.jpg,Unknown,970
./images/54876721.jpg,Unknown,3245
./images/616846320.jpg,Unknown,35
./images/321630381.jpg,Unknown,2059
./images/149013111.jpg,Unknown,2877
./images/612485862.jpg,Unknown,333
./images/616668676.jpg,Unknown,58
./images/607256921.jpg,Unknown,544
./images/124838661.jpg,Female,2969
./images/168090321.jpg,Unknown,2771
./images/162943791.jpg,Unknown,2803
./images/611636971.jpg,Unknown,375
./images/616668892.jpg,Unknown,56
./images/485300541.jpg,Unknown,1230
./images/45510841.jpg,Male,3284
./images/524830231.jpg,Unknown,1021
./images/599516001.jpg,Unknown,609
./images/487381501.jpg,Unknown,1215
./images/199910951.jpg,Unknown,2620
./images/545927231.jpg,Unknown,862
./images/395335351.jpg,Unknown,1679
./images/104774531.jpg,Male,3063
./images/343790281.jpg,Unknown,1971
./images/606987791.jpg,Unknown,550
./images/204425011.jpg,Unknown,2565
./images/552798651.jpg,Unknown,816
./images/260448091.jpg,Female,2309
./images/482177541.jpg,Unknown,1242
./images/616588567.jpg,Unknown,73
./images/148136001.jpg,Male,2880
./images/299873221.jpg,Unknown,2160
./images/548225071.jpg,Unknown,848
./images/495548821.jpg,Unknown,1179
./images/555216241.jpg,Male,802
./images/473429361.jpg,Unknown,1319
./images/541807341.jpg,Male,888
./images/246953931.jpg,Unknown,2379
./images/604687701.jpg,Unknown,567
./images/615643378.jpg,Unknown,156
./images/195579481.jpg,Unknown,2639
./images/391738521.jpg,Female,1718
./images/244316491.jpg,Unknown,2392
./images/614058698.jpg,Unknown,244
./images/571873531.jpg,Unknown,730
./images/162855671.jpg,Unknown,2810
./images/54271131.jpg,Unknown,3248
./images/315589801.jpg,Unknown,2096
./images/358258481.jpg,Unknown,1869
./images/608706387.jpg,Male,501
./images/553938281.jpg,Unknown,808
./images/453701731.jpg,Male,1424
./images/615145585.jpg,Unknown,186
./images/609103046.jpg,Unknown,489
./images/205389311.jpg,Female,2564
./images/360734801.jpg,Unknown,1856
./images/614777228.jpg,Unknown,198
./images/521466841.jpg,Unknown,1050
./images/414119461.jpg,Unknown,1588
./images/362171451.jpg,Female,1845
./images/196551481.jpg,Unknown,2636
./images/36813421.jpg,Male,3313
./images/394100381.jpg,Unknown,1689
./images/608469069.jpg,Unknown,516
./images/318747971.jpg,Unknown,2075
./images/308406391.jpg,Unknown,2127
./images/382512861.jpg,Unknown,1762
./images/138330821.jpg,Male,2927
./images/488339601.jpg,Male,1206
./images/189673551.jpg,Unknown,2680
./images/323351711.jpg,Unknown,2053
./images/614395401.jpg,Unknown,226
./images/296455501.jpg,Unknown,2173
./images/531976771.jpg,Female,956
./images/509864431.jpg,Unknown,1090
./images/616688285.jpg,Unknown,47
./images/304650091.jpg,Unknown,2145
./images/612737412.jpg,Unknown,317
./images/391851651.jpg,Unknown,1717
./images/564372041.jpg,Unknown,749
./images/517956881.jpg,Female,1060
./images/473567141.jpg,Unknown,1308
./images/319019871.jpg,Unknown,2073
./images/515375091.jpg,Unknown,1070
./images/119849101.jpg,Unknown,2988
./images/445648091.jpg,Unknown,1470
./images/383294331.jpg,Unknown,1759
./images/344781921.jpg,Unknown,1962
./images/614963648.jpg,Unknown,192
./images/434116851.jpg,Unknown,1505
./images/615928533.jpg,Male,121
./images/139251971.jpg,Male,2919
./images/290747071.jpg,Unknown,2197
./images/616990969.jpg,Unknown,13
./images/315583231.jpg,Unknown,2103
./images/282757641.jpg,Male,2228
./images/152743731.jpg,Male,2862
./images/187866321.jpg,Unknown,2689
./images/614295985.jpg,Female,227
./images/260051871.jpg,Unknown,2310
./images/396564921.jpg,Unknown,1671
./images/476900031.jpg,Unknown,1285
./images/162943841.jpg,Unknown,2800
./images/617219933.jpg,Female,0
./images/202494301.jpg,Unknown,2604
./images/465921331.jpg,Unknown,1374
./images/485542801.jpg,Female,1221
./images/315585331.jpg,Unknown,2100
./images/616875873.jpg,Unknown,28
./images/375924321.jpg,Unknown,1772
./images/194553961.jpg,Unknown,2651
./images/421855311.jpg,Unknown,1546
./images/277988881.jpg,Unknown,2241
./images/66828351.jpg,Male,3210
./images/561963821.jpg,Unknown,763
./images/68475971.jpg,Female,3207
./images/500510381.jpg,Unknown,1161
./images/616562215.jpg,Unknown,77
./images/421344221.jpg,Unknown,1556
./images/353954461.jpg,Unknown,1901
./images/238095201.jpg,Unknown,2416
./images/313425751.jpg,Unknown,2107
./images/503143901.jpg,Unknown,1152
./images/79074251.jpg,Unknown,3175
./images/208739041.jpg,Male,2540
./images/113189661.jpg,Male,3011
./images/215830371.jpg,Unknown,2501
./images/406798691.jpg,Unknown,1621
./images/479934621.jpg,Unknown,1259
./images/549230561.jpg,Unknown,841
./images/39608671.jpg,Unknown,3304
./images/553234201.jpg,Unknown,812
./images/174380041.jpg,Unknown,2742
./images/481498061.jpg,Unknown,1249
./images/246586241.jpg,Unknown,2382
./images/462001181.jpg,Unknown,1389
./images/581831421.jpg,Unknown,691
./images/208401921.jpg,Male,2546
./images/611882249.jpg,Unknown,358
./images/325983751.jpg,Female,2037
./images/612929825.jpg,Unknown,301
./images/610978661.jpg,Female,405
./images/612636367.jpg,Unknown,320
./images/423049171.jpg,Unknown,1542
./images/477195941.jpg,Unknown,1280
./images/588549261.jpg,Unknown,662
./images/110243051.jpg,Unknown,3027
./images/160307471.jpg,Unknown,2825
./images/265526541.jpg,Unknown,2291
./images/361231551.jpg,Unknown,1854
./images/609615472.jpg,Unknown,477
./images/608317907.jpg,Unknown,524
./images/57776161.jpg,Female,3237
./images/453662681.jpg,Unknown,1426
./images/80617311.jpg,Male,3172
./images/475852401.jpg,Male,1294
./images/487083321.jpg,Unknown,1216
./images/611541474.jpg,Unknown,377
./images/364196951.jpg,Unknown,1833
./images/473501561.jpg,Unknown,1312
./images/611744299.jpg,Unknown,374
./images/533467661.jpg,Unknown,935
./images/454463731.jpg,Unknown,1420
./images/313586181.jpg,Unknown,2105
./images/31474651.jpg,Unknown,3324
./images/138450691.jpg,Unknown,2925
./images/473429471.jpg,Unknown,1318
./images/474507761.jpg,Unknown,1302
./images/450318191.jpg,Male,1443
./images/49659871.jpg,Male,3263
./images/418775161.jpg,Unknown,1566
./images/616688532.jpg,Unknown,45
./images/444545701.jpg,Unknown,1472
./images/616668675.jpg,Unknown,59
./images/542797141.jpg,Unknown,882
./images/266822431.jpg,Unknown,2275
./images/70142891.jpg,Unknown,3198
./images/472495471.jpg,Unknown,1328
./images/597361171.jpg,Unknown,617
./images/163711641.jpg,Female,2793
./images/109496951.jpg,Male,3031
./images/295113851.jpg,Male,2179
./images/368577471.jpg,Unknown,1799
./images/375694271.jpg,Unknown,1773
./images/320171871.jpg,Unknown,2063
./images/154603191.jpg,Male,2858
./images/469039581.jpg,Unknown,1342
./images/473501531.jpg,Unknown,1315
./images/344781701.jpg,Unknown,1965
./images/491342431.jpg,Unknown,1195
./images/263867621.jpg,Female,2297
./images/358258491.jpg,Unknown,1870
./images/262607031.jpg,Unknown,2301
./images/359095731.jpg,Unknown,1861
./images/356434711.jpg,Unknown,1881
./images/195577341.jpg,Male,2640
./images/280717481.jpg,Unknown,2240
./images/374595151.jpg,Unknown,1779
./images/549230551.jpg,Unknown,838
./images/609847150.jpg,Unknown,462
./images/202997511.jpg,Unknown,2602
./images/364454021.jpg,Unknown,1819
./images/283509691.jpg,Male,2226
./images/613769898.jpg,Male,267
./images/610978658.jpg,Female,407
./images/538835711.jpg,Unknown,910
./images/266044201.jpg,Unknown,2289
./images/194553781.jpg,Unknown,2652
./images/267046801.jpg,Unknown,2272
./images/187603861.jpg,Unknown,2690
./images/615307372.jpg,Unknown,170
./images/616462430.jpg,Unknown,86
./images/264101301.jpg,Female,2296
./images/339121611.jpg,Unknown,1997
./images/481497891.jpg,Unknown,1250
./images/144407111.jpg,Female,2890
./images/346696781.jpg,Unknown,1948
./images/449819671.jpg,Unknown,1447
./images/500423511.jpg,Unknown,1170
./images/392724241.jpg,Unknown,1708
./images/616584487.jpg,Unknown,74
./images/238535181.jpg,Unknown,2412
./images/551417751.jpg,Unknown,827
./images/525234501.jpg,Unknown,1014
./images/449209581.jpg,Unknown,1453
./images/81297741.jpg,Unknown,3168
./images/607511481.jpg,Male,531
./images/431766431.jpg,Unknown,1516
./images/162943951.jpg,Unknown,2796
./images/525234511.jpg,Unknown,1013
./images/285174781.jpg,Unknown,2218
./images/249354141.jpg,Unknown,2366
./images/391965061.jpg,Male,1716
./images/415920981.jpg,Unknown,1579
./images/549099401.jpg,Unknown,842
./images/340623281.jpg,Unknown,1993
./images/204835411.jpg,Male,2572
./images/616688534.jpg,Unknown,46
./images/66435651.jpg,Male,3214
./images/143427721.jpg,Female,2895
./images/530788851.jpg,Unknown,972
./images/421024081.jpg,Unknown,1561
./images/91566231.jpg,Unknown,3120
./images/202573671.jpg,Unknown,2603
./images/526449551.jpg,Unknown,1001
./images/89658241.jpg,Unknown,3129
./images/44038151.jpg,Unknown,3291
./images/463464081.jpg,Unknown,1384
./images/616846318.jpg,Unknown,38
./images/356434751.jpg,Unknown,1877
./images/315591561.jpg,Unknown,2093
./images/205769281.jpg,Unknown,2558
./images/137482391.jpg,Female,2930
./images/119849331.jpg,Unknown,2987
./images/558972371.jpg,Unknown,783
./images/481694641.jpg,Unknown,1247
./images/613233254.jpg,Unknown,283
./images/72235421.jpg,Male,3193
./images/462864931.jpg,Unknown,1386
./images/246350381.jpg,Unknown,2384
./images/38419271.jpg,Unknown,3308
./images/527511101.jpg,Unknown,992
./images/260050761.jpg,Unknown,2311
./images/610106703.jpg,Unknown,446
./images/613817109.jpg,Unknown,261
./images/544448971.jpg,Unknown,869
./images/337768851.jpg,Male,2003
./images/551095991.jpg,Unknown,829
./images/81336331.jpg,Unknown,3166
./images/611568119.jpg,Unknown,376
./images/249354271.jpg,Unknown,2362
./images/350940721.jpg,Unknown,1922
./images/574773421.jpg,Unknown,709
./images/113746661.jpg,Male,3009
./images/274252051.jpg,Unknown,2247
./images/612936577.jpg,Unknown,296
./images/209671591.jpg,Unknown,2533
./images/610978657.jpg,Female,411
./images/403393651.jpg,Unknown,1629
./images/608742178.jpg,Unknown,499
./images/223238441.jpg,Unknown,2470
./images/616462431.jpg,Unknown,87
./images/446396911.jpg,Unknown,1469
./images/370847011.jpg,Unknown,1788
./images/565298271.jpg,Unknown,744
./images/478174961.jpg,Unknown,1273
./images/80666541.jpg,Unknown,3171
./images/178819401.jpg,Unknown,2718
./images/587637981.jpg,Unknown,666
./images/172025771.jpg,Female,2755
./images/178756081.jpg,Unknown,2719
./images/504815021.jpg,Unknown,1135
./images/164693281.jpg,Unknown,2791
./images/384286151.jpg,Male,1752
./images/385812001.jpg,Unknown,1743
./images/212395381.jpg,Male,2517
./images/351968301.jpg,Unknown,1916
./images/481694651.jpg,Unknown,1246
./images/538835721.jpg,Unknown,909
./images/613946464.jpg,Unknown,247
./images/406806571.jpg,Unknown,1620
./images/204163831.jpg,Unknown,2573
./images/350968431.jpg,Unknown,1921
./images/329145271.jpg,Unknown,2027
./images/106926901.jpg,Unknown,3053
./images/504448191.jpg,Unknown,1146
./images/248252201.jpg,Female,2369
./images/416135781.jpg,Unknown,1576
./images/177924791.jpg,Unknown,2721
./images/612392213.jpg,Unknown,336
./images/447736211.jpg,Unknown,1465
./images/174628631.jpg,Unknown,2738
./images/610022003.jpg,Unknown,452
./images/484275641.jpg,Unknown,1233
./images/232847321.jpg,Unknown,2435
./images/33697331.jpg,Unknown,3319
./images/433046791.jpg,Unknown,1510
./images/429923641.jpg,Unknown,1523
./images/364241371.jpg,Unknown,1830
./images/469297521.jpg,Unknown,1339
./images/144896541.jpg,Unknown,2889
./images/200456441.jpg,Unknown,2615
./images/495450991.jpg,Unknown,1181
./images/92705001.jpg,Male,3115
./images/430650281.jpg,Unknown,1519
./images/386268401.jpg,Unknown,1739
./images/554903141.jpg,Unknown,803
./images/603255661.jpg,Unknown,578
./images/607256941.jpg,Unknown,541
./images/494781841.jpg,Unknown,1185
./images/541807351.jpg,Male,889
./images/106368891.jpg,Unknown,3059
./images/39637071.jpg,Unknown,3300
./images/185393901.jpg,Unknown,2702
./images/249223121.jpg,Male,2367
./images/137499181.jpg,Female,2929
./images/456770771.jpg,Unknown,1410
./images/591750941.jpg,Unknown,643
./images/538535451.jpg,Unknown,917
./images/107371091.jpg,Unknown,3051
./images/44841281.jpg,Unknown,3287
./images/44720851.jpg,Unknown,3289
./images/504704431.jpg,Unknown,1142
./images/535116531.jpg,Unknown,927
./images/614484826.jpg,Unknown,220
./images/491342441.jpg,Unknown,1194
./images/611301284.jpg,Unknown,390
./images/174450331.jpg,Unknown,2740
./images/468543151.jpg,Unknown,1350
./images/220245211.jpg,Unknown,2483
./images/206605841.jpg,Unknown,2590
./images/609847149.jpg,Unknown,461
./images/169109011.jpg,Female,2769
./images/254238831.jpg,Unknown,2338
./images/69510641.jpg,Unknown,3199
./images/616077995.jpg,Unknown,108
./images/460504631.jpg,Unknown,1398
./images/263472661.jpg,Male,2298
./images/78726631.jpg,Unknown,3177
./images/119849481.jpg,Unknown,2986
./images/183954421.jpg,Unknown,2708
./images/323628951.jpg,Unknown,2052
./images/208741531.jpg,Male,2536
./images/588871941.jpg,Unknown,660
./images/602766501.jpg,Unknown,582
./images/142661611.jpg,Unknown,2897
./images/575873351.jpg,Male,704
./images/110997951.jpg,Male,3022
./images/616584488.jpg,Unknown,75
./images/205391601.jpg,Unknown,2578
./images/307558111.jpg,Unknown,2131
./images/447034991.jpg,Unknown,1466
./images/614102747.jpg,Unknown,241
./images/146299821.jpg,Unknown,2885
./images/469039591.jpg,Unknown,1341
./images/217835171.jpg,Unknown,2490
./images/202199921.jpg,Unknown,2612
./images/615928534.jpg,Male,119
./images/270673981.jpg,Unknown,2259
./images/488060871.jpg,Unknown,1212
./images/526397781.jpg,Unknown,1002
./images/612576318.jpg,Unknown,323
./images/231418361.jpg,Unknown,2446
./images/610978655.jpg,Female,409
./images/233558221.jpg,Unknown,2430
./images/158358551.jpg,Female,2831
./images/329822171.jpg,Unknown,2024
./images/184878861.jpg,Male,2703
./images/342627681.jpg,Unknown,1981
./images/154253811.jpg,Unknown,2860
./images/308526391.jpg,Unknown,2125
./images/614090542.jpg,Unknown,242
./images/165280191.jpg,Unknown,2788
./images/347698551.jpg,Unknown,1942
./images/545944911.jpg,Unknown,861
./images/208739051.jpg,Male,2539
./images/392994271.jpg,Unknown,1706
./images/282757591.jpg,Female,2231
./images/264336301.jpg,Unknown,2294
./images/158490351.jpg,Unknown,2830
./images/332306301.jpg,Unknown,2017
./images/584107821.jpg,Male,677
./images/106214681.jpg,Female,3061
./images/81297801.jpg,Unknown,3167
./images/156530331.jpg,Female,2850
./images/479934651.jpg,Unknown,1258
./images/74757791.jpg,Male,3187
./images/344698611.jpg,Male,1967
./images/298968051.jpg,Unknown,2166
./images/557614151.jpg,Unknown,794
./images/485542791.jpg,Female,1220
./images/204915701.jpg,Unknown,2563
./images/217357881.jpg,Unknown,2494
./images/139350301.jpg,Unknown,2918
./images/111132391.jpg,Male,3020
./images/485227941.jpg,Unknown,1231
./images/615765176.jpg,Unknown,134
./images/144972291.jpg,Unknown,2888
./images/353691241.jpg,Unknown,1908
./images/501587831.jpg,Female,1157
./images/554775171.jpg,Unknown,804
./images/611039361.jpg,Unknown,400
./images/547525351.jpg,Unknown,852
./images/339244891.jpg,Unknown,1996
./images/612392212.jpg,Unknown,334
./images/533483741.jpg,Unknown,932
./images/373495641.jpg,Unknown,1782
./images/250137201.jpg,Unknown,2359
./images/126601531.jpg,Unknown,2966
./images/321068281.jpg,Unknown,2060
./images/149072911.jpg,Female,2875
./images/67460851.jpg,Unknown,3208
./images/285170461.jpg,Unknown,2219
./images/558070971.jpg,Male,788
./images/525234491.jpg,Unknown,1015
./images/353127011.jpg,Unknown,1909
./images/221799731.jpg,Unknown,2475
./images/374740901.jpg,Unknown,1775
./images/453701721.jpg,Male,1425
./images/186593551.jpg,Unknown,2694
./images/432262911.jpg,Unknown,1511
./images/500510211.jpg,Unknown,1168
./images/256414411.jpg,Male,2323
./images/434168591.jpg,Unknown,1504
./images/613510719.jpg,Unknown,273
./images/95636461.jpg,Unknown,3110
./images/616472121.jpg,Unknown,81
./images/171658251.jpg,Male,2758
./images/351946981.jpg,Unknown,1918
./images/252038081.jpg,Female,2344
./images/562906771.jpg,Unknown,752
./images/615144977.jpg,Male,187
./images/525234521.jpg,Unknown,1012
./images/615684176.jpg,Unknown,152
./images/401355721.jpg,Unknown,1645
./images/362176361.jpg,Male,1844
./images/552111211.jpg,Unknown,819
./images/364196971.jpg,Unknown,1832
./images/106591651.jpg,Unknown,3057
./images/611117069.jpg,Unknown,398
./images/156655621.jpg,Unknown,2849
./images/608338859.jpg,Unknown,521
./images/609812358.jpg,Unknown,469
./images/354058111.jpg,Male,1897
./images/261351651.jpg,Female,2303
./images/194580011.jpg,Male,2649
./images/478724261.jpg,Unknown,1270
./images/409008901.jpg,Unknown,1614
./images/349656751.jpg,Unknown,1930
./images/307353611.jpg,Unknown,2132
./images/543763591.jpg,Unknown,876
./images/212928771.jpg,Male,2512
./images/609812361.jpg,Unknown,468
./images/507459771.jpg,Unknown,1114
./images/615690901.jpg,Unknown,150
./images/157139351.jpg,Unknown,2833
./images/136269281.jpg,Unknown,2936
./images/323629141.jpg,Unknown,2050
./images/384672901.jpg,Unknown,1749
./images/464911141.jpg,Unknown,1377
./images/266672981.jpg,Unknown,2281
./images/362171051.jpg,Female,1846
./images/581673841.jpg,Unknown,692
./images/616127795.jpg,Unknown,106
./images/610978660.jpg,Female,406
./images/365681301.jpg,Male,1815
./images/466694581.jpg,Female,1372
./images/313425741.jpg,Unknown,2108
./images/194341751.jpg,Female,2654
./images/162943891.jpg,Unknown,2797
./images/41714101.jpg,Unknown,3297
./images/364453991.jpg,Unknown,1821
./images/612737415.jpg,Unknown,315
./images/204904921.jpg,Unknown,2568
./images/209094671.jpg,Unknown,2535
./images/404270851.jpg,Male,1626
./images/330095941.jpg,Unknown,2022
./images/610893144.jpg,Unknown,414
./images/485491091.jpg,Unknown,1224
./images/538835701.jpg,Unknown,911
./images/336349481.jpg,Unknown,2008
./images/291168221.jpg,Unknown,2194
./images/498807031.jpg,Male,1174
./images/173929071.jpg,Unknown,2743
./images/161346321.jpg,Unknown,2815
./images/513631451.jpg,Unknown,1076
./images/615897471.jpg,Unknown,123
./images/449209611.jpg,Unknown,1451
./images/510721161.jpg,Female,1085
./images/58005001.jpg,Unknown,3236
./images/306000151.jpg,Unknown,2135
./images/156998551.jpg,Unknown,2836
./images/469840111.jpg,Unknown,1335
./images/182096891.jpg,Unknown,2710
./images/98797431.jpg,Male,3098
./images/273688561.jpg,Unknown,2249
./images/162943871.jpg,Unknown,2798
./images/468543191.jpg,Unknown,1347
./images/613837132.jpg,Unknown,257
./images/611882250.jpg,Unknown,357
./images/29881991.jpg,Unknown,3331
./images/315596541.jpg,Unknown,2089
./images/392994371.jpg,Unknown,1701
./images/529068721.jpg,Unknown,985
./images/432240221.jpg,Unknown,1514
./images/615244047.jpg,Unknown,176
./images/324372931.jpg,Unknown,2042
./images/384921131.jpg,Unknown,1744
./images/615765178.jpg,Unknown,135
./images/469836361.jpg,Unknown,1336
./images/241974091.jpg,Male,2403
./images/612744883.jpg,Unknown,310
./images/604687691.jpg,Unknown,568
./images/110925681.jpg,Unknown,3023
./images/527193881.jpg,Unknown,996
./images/246573001.jpg,Unknown,2383
./images/616159432.jpg,Female,105
./images/36357901.jpg,Male,3315
./images/159267781.jpg,Unknown,2826
./images/505335431.jpg,Unknown,1132
./images/211761161.jpg,Male,2523
./images/616602786.jpg,Unknown,69
./images/265035491.jpg,Unknown,2292
./images/422036671.jpg,Unknown,1544
./images/394083851.jpg,Unknown,1694
./images/459774631.jpg,Unknown,1400
./images/346696811.jpg,Unknown,1947
./images/530890961.jpg,Unknown,969
./images/204327001.jpg,Unknown,2585
./images/91833501.jpg,Male,3119
./images/409715781.jpg,Unknown,1609
./images/615656274.jpg,Unknown,154
./images/615528105.jpg,Unknown,159
./images/199451141.jpg,Male,2622
./images/450553691.jpg,Unknown,1442
./images/611917651.jpg,Unknown,356
./images/127786181.jpg,Male,2964
./images/425045861.jpg,Unknown,1538
./images/573539791.jpg,Unknown,722
./images/529829141.jpg,Male,979
./images/546248631.jpg,Unknown,856
./images/616670277.jpg,Unknown,54
./images/421344061.jpg,Unknown,1557
./images/317420051.jpg,Male,2081
./images/244615381.jpg,Unknown,2387
./images/208496071.jpg,Unknown,2543
./images/542014291.jpg,Unknown,886
./images/412017921.jpg,Unknown,1593
./images/77798031.jpg,Unknown,3180
./images/117521731.jpg,Male,3000
./images/458190901.jpg,Unknown,1405
./images/109036631.jpg,Unknown,3034
./images/533483771.jpg,Unknown,931
./images/246699981.jpg,Unknown,2380
./images/608810407.jpg,Male,494
./images/529146141.jpg,Unknown,982
./images/611221328.jpg,Unknown,394
./images/23430071.jpg,Unknown,3344
./images/241257751.jpg,Unknown,2405
./images/545804121.jpg,Unknown,865
./images/582564941.jpg,Male,683
./images/613837134.jpg,Unknown,255
./images/271520011.jpg,Unknown,2255
./images/29882131.jpg,Unknown,3330
./images/217383231.jpg,Unknown,2491
./images/129281141.jpg,Unknown,2962
./images/532418161.jpg,Unknown,954
./images/439228471.jpg,Unknown,1490
./images/139687301.jpg,Male,2916
./images/329145291.jpg,Unknown,2026
./images/551608821.jpg,Unknown,825
./images/138969281.jpg,Unknown,2923
./images/610249319.jpg,Unknown,440
./images/88506601.jpg,Unknown,3145
./images/608485241.jpg,Unknown,514
./images/162941931.jpg,Unknown,2807
./images/307784411.jpg,Unknown,2128
./images/56898711.jpg,Male,3240
./images/474651461.jpg,Unknown,1300
./images/616335535.jpg,Unknown,91
./images/396093941.jpg,Unknown,1675
./images/49441921.jpg,Unknown,3264
./images/264559761.jpg,Unknown,2293
./images/189545641.jpg,Unknown,2681
./images/466694631.jpg,Male,1370
./images/560127191.jpg,Female,777
./images/234674541.jpg,Unknown,2427
./images/50808951.jpg,Unknown,3256
./images/104437941.jpg,Unknown,3069
./images/612936579.jpg,Unknown,298
./images/56926331.jpg,Male,3239
./images/170561291.jpg,Female,2762
./images/282212731.jpg,Female,2234
./images/174650661.jpg,Male,2735
./images/356434721.jpg,Unknown,1880
./images/242037611.jpg,Male,2402
./images/36357931.jpg,Female,3314
./images/612051961.jpg,Unknown,351
./images/528311621.jpg,Unknown,987
./images/550041431.jpg,Male,832
./images/166693961.jpg,Male,2779
./images/615489427.jpg,Unknown,162
./images/299039321.jpg,Unknown,2165
./images/72235451.jpg,Male,3191
./images/296226201.jpg,Unknown,2174
./images/235998831.jpg,Unknown,2424
./images/99581311.jpg,Female,3089
./images/574340161.jpg,Unknown,716
./images/448057821.jpg,Unknown,1464
./images/21136131.jpg,Unknown,3348
./images/167152501.jpg,Female,2776
./images/110381271.jpg,Unknown,3025
./images/533467681.jpg,Unknown,934
./images/544238921.jpg,Unknown,875
./images/196312091.jpg,Male,2637
./images/616681261.jpg,Unknown,50
./images/616629031.jpg,Male,67
./images/487568361.jpg,Unknown,1214
./images/291667661.jpg,Unknown,2187
./images/164693301.jpg,Unknown,2790
./images/552479981.jpg,Unknown,818
./images/308554041.jpg,Unknown,2122
./images/604564291.jpg,Unknown,574
./images/478724281.jpg,Unknown,1269
./images/461685871.jpg,Female,1391
./images/407827011.jpg,Unknown,1619
./images/608438684.jpg,Unknown,517
./images/463821111.jpg,Unknown,1382
./images/599107681.jpg,Unknown,610
./images/142629811.jpg,Unknown,2900
./images/611794100.jpg,Unknown,367
./images/156656241.jpg,Unknown,2847
./images/426933381.jpg,Unknown,1533
./images/395087061.jpg,Unknown,1683
./images/412835311.jpg,Unknown,1591
./images/607086231.jpg,Unknown,548
./images/413236051.jpg,Female,1590
./images/508380261.jpg,Unknown,1104
./images/291168321.jpg,Unknown,2189
./images/266495181.jpg,Male,2284
./images/562602801.jpg,Unknown,754
./images/356312771.jpg,Unknown,1887
./images/38774691.jpg,Female,3305
./images/364447341.jpg,Male,1826
./images/32480481.jpg,Unknown,3322
./images/464363311.jpg,Unknown,1380
./images/553966041.jpg,Unknown,806
./images/317420021.jpg,Male,2083
./images/54876621.jpg,Unknown,3246
./images/612889929.jpg,Unknown,303
./images/177820681.jpg,Unknown,2722
./images/270673961.jpg,Unknown,2260
./images/612723652.jpg,Unknown,318
./images/407827061.jpg,Unknown,1618
./images/211612731.jpg,Unknown,2525
./images/69345091.jpg,Female,3204
./images/600623091.jpg,Male,602
./images/160432331.jpg,Unknown,2823
./images/117632611.jpg,Unknown,2998
./images/409715811.jpg,Unknown,1608
./images/131948661.jpg,Unknown,2949
./images/197504721.jpg,Unknown,2629
./images/538835681.jpg,Unknown,908
./images/607256981.jpg,Unknown,536
./images/467944241.jpg,Unknown,1355
./images/225823561.jpg,Unknown,2458
./images/206909161.jpg,Unknown,2587
./images/60154161.jpg,Male,3231
./images/193928391.jpg,Unknown,2655
./images/614530466.jpg,Unknown,218
./images/91566221.jpg,Unknown,3121
./images/225342241.jpg,Unknown,2461
./images/453200421.jpg,Unknown,1429
./images/244427521.jpg,Unknown,2388
./images/213644041.jpg,Unknown,2511
./images/188616441.jpg,Unknown,2685
./images/608623958.jpg,Unknown,510
./images/505421881.jpg,Unknown,1130
./images/527385291.jpg,Unknown,994
./images/296110441.jpg,Unknown,2177
./images/189145101.jpg,Unknown,2683
./images/208531891.jpg,Unknown,2542
./images/505335001.jpg,Unknown,1133
./images/616688284.jpg,Unknown,48
./images/523823241.jpg,Unknown,1034
./images/607256991.jpg,Unknown,537
./images/348894991.jpg,Female,1935
./images/396564951.jpg,Unknown,1668
./images/173121741.jpg,Male,2748
./images/608438678.jpg,Unknown,518
./images/416729361.jpg,Unknown,1572
./images/439629391.jpg,Unknown,1488
./images/608354442.jpg,Unknown,520
./images/615951149.jpg,Unknown,118
./images/364448071.jpg,Male,1822
./images/196219041.jpg,Unknown,2638
./images/293762251.jpg,Unknown,2181
./images/64436351.jpg,Unknown,3221
./images/473567941.jpg,Unknown,1307
./images/98995571.jpg,Unknown,3096
./images/243837261.jpg,Female,2396
./images/186480311.jpg,Unknown,2699
./images/611803095.jpg,Unknown,365
./images/203348511.jpg,Unknown,2597
./images/293581351.jpg,Unknown,2182
./images/491342421.jpg,Unknown,1196
./images/171752091.jpg,Unknown,2757
./images/604887971.jpg,Male,566
./images/608623957.jpg,Unknown,509
./images/355296501.jpg,Unknown,1892
./images/605277341.jpg,Female,562
./images/252037891.jpg,Male,2345
./images/603254651.jpg,Unknown,579
./images/156677961.jpg,Unknown,2846
./images/616268748.jpg,Male,95
./images/211993551.jpg,Unknown,2522
./images/37332451.jpg,Unknown,3310
./images/433975811.jpg,Unknown,1507
./images/89658181.jpg,Unknown,3131
./images/614530465.jpg,Unknown,219
./images/612523699.jpg,Male,329
./images/372778971.jpg,Unknown,1786
./images/330875741.jpg,Unknown,2019
./images/149685941.jpg,Unknown,2872
./images/296204841.jpg,Unknown,2175
./images/299724301.jpg,Unknown,2163
./images/609522740.jpg,Unknown,481
./images/258590951.jpg,Unknown,2320
./images/607770331.jpg,Unknown,528
./images/352221481.jpg,Unknown,1911
./images/173299251.jpg,Male,2746
./images/508642981.jpg,Unknown,1102
./images/106795161.jpg,Unknown,3054
./images/616077997.jpg,Unknown,107
./images/195060861.jpg,Unknown,2643
./images/243444211.jpg,Female,2399
./images/617151144.jpg,Unknown,5
./images/254238711.jpg,Unknown,2339
./images/613187109.jpg,Unknown,287
./images/611375669.jpg,Unknown,386
./images/99451191.jpg,Male,3092
./images/615951151.jpg,Unknown,116
./images/84546851.jpg,Unknown,3154
./images/428261571.jpg,Unknown,1527
./images/591507221.jpg,Unknown,644
./images/344696011.jpg,Unknown,1970
./images/409715881.jpg,Unknown,1607
./images/111665821.jpg,Unknown,3018
./images/410430541.jpg,Unknown,1601
./images/50521671.jpg,Unknown,3260
./images/69510631.jpg,Unknown,3200
./images/537534291.jpg,Unknown,919
./images/205389271.jpg,Female,2577
./images/428287351.jpg,Unknown,1526
./images/255113811.jpg,Unknown,2334
./images/431509281.jpg,Unknown,1517
./images/376856701.jpg,Unknown,1769
./images/527019041.jpg,Unknown,997
./images/231767391.jpg,Unknown,2442
./images/168701381.jpg,Female,2770
./images/590273091.jpg,Unknown,655
./images/271028771.jpg,Unknown,2258
./images/224387091.jpg,Unknown,2466
./images/95190271.jpg,Unknown,3111
./images/148136031.jpg,Male,2879
./images/500510371.jpg,Unknown,1162
./images/251091601.jpg,Unknown,2347
./images/504242211.jpg,Unknown,1147
./images/220161861.jpg,Unknown,2485
./images/149973721.jpg,Unknown,2871
./images/249354191.jpg,Unknown,2364
./images/324368641.jpg,Unknown,2045
./images/190296171.jpg,Unknown,2675
./images/101524501.jpg,Unknown,3085
./images/476442251.jpg,Unknown,1288
./images/191758461.jpg,Unknown,2663
./images/370577131.jpg,Unknown,1789
./images/581864971.jpg,Unknown,686
./images/503854191.jpg,Male,1150
./images/354843361.jpg,Unknown,1894
./images/519401881.jpg,Unknown,1057
./images/615314487.jpg,Unknown,169
./images/183325481.jpg,Unknown,2709
./images/616810359.jpg,Unknown,42
./images/613817110.jpg,Unknown,260
./images/362470391.jpg,Unknown,1843
./images/415920991.jpg,Unknown,1578
./images/261219051.jpg,Unknown,2305
./images/616846319.jpg,Unknown,36
./images/48321571.jpg,Unknown,3271
./images/602073431.jpg,Unknown,587
./images/358258461.jpg,Unknown,1872
./images/53354611.jpg,Unknown,3250
./images/398561871.jpg,Unknown,1655
./images/231754471.jpg,Unknown,2443
./images/556677211.jpg,Unknown,797
./images/615954223.jpg,Unknown,111
./images/610773943.jpg,Unknown,419
./images/131948961.jpg,Male,2948
./images/597361161.jpg,Unknown,618
./images/347698521.jpg,Unknown,1943
./images/506182521.jpg,Male,1124
./images/104319431.jpg,Female,3071
./images/327840671.jpg,Unknown,2031
./images/39637011.jpg,Unknown,3302
./images/524479201.jpg,Unknown,1030
./images/293978321.jpg,Unknown,2180
./images/591500771.jpg,Unknown,645
./images/112901131.jpg,Unknown,3014
./images/613272565.jpg,Unknown,279
./images/344783501.jpg,Male,1956
./images/616961378.jpg,Unknown,19
./images/228970291.jpg,Unknown,2448
./images/421374591.jpg,Unknown,1554
./images/481694661.jpg,Unknown,1248
./images/615762807.jpg,Unknown,147
./images/344698621.jpg,Male,1966
./images/614963651.jpg,Unknown,194
./images/196684881.jpg,Unknown,2635
./images/160432291.jpg,Unknown,2824
./images/402761791.jpg,Male,1631
./images/284624471.jpg,Unknown,2225
./images/39637031.jpg,Unknown,3301
./images/107593411.jpg,Unknown,3047
./images/535467801.jpg,Unknown,925
./images/613946465.jpg,Unknown,246
./images/266285391.jpg,Male,2285
./images/119341591.jpg,Unknown,2993
./images/166687891.jpg,Female,2780
./images/110298481.jpg,Unknown,3026
./images/261351571.jpg,Female,2304
./images/610770179.jpg,Unknown,422
./images/532154731.jpg,Unknown,955
./images/416875421.jpg,Unknown,1571
./images/533483631.jpg,Unknown,933
./images/615243442.jpg,Unknown,180
./images/174574141.jpg,Male,2739
./images/536781861.jpg,Unknown,922
./images/246953961.jpg,Unknown,2378
./images/611866542.jpg,Unknown,362
./images/533467671.jpg,Unknown,937
./images/150896861.jpg,Unknown,2868
./images/500510201.jpg,Unknown,1166
./images/452574461.jpg,Female,1430
./images/256043171.jpg,Female,2326
./images/522633581.jpg,Unknown,1043
./images/556016991.jpg,Unknown,798
./images/285180701.jpg,Unknown,2217
./images/88646861.jpg,Male,3139
./images/468540571.jpg,Unknown,1352
./images/109020311.jpg,Male,3036
./images/533451141.jpg,Unknown,943
./images/104774421.jpg,Male,3064
./images/243797671.jpg,Unknown,2397
./images/472945451.jpg,Unknown,1321
./images/351606881.jpg,Unknown,1920
./images/586183431.jpg,Unknown,672
./images/508380231.jpg,Unknown,1106
./images/522723881.jpg,Unknown,1040
./images/44827441.jpg,Unknown,3288
./images/48135131.jpg,Unknown,3272
./images/539480291.jpg,Unknown,901
./images/353796361.jpg,Female,1906
./images/614667249.jpg,Unknown,207
./images/610318037.jpg,Unknown,437
./images/254109241.jpg,Unknown,2340
./images/478724291.jpg,Unknown,1271
./images/414120101.jpg,Unknown,1587
./images/518020251.jpg,Unknown,1059
./images/612744877.jpg,Unknown,311
./images/176966381.jpg,Unknown,2728
./images/612205157.jpg,Unknown,343
./images/616191315.jpg,Unknown,99
./images/122159611.jpg,Unknown,2974
./images/139719791.jpg,Unknown,2915
./images/615244044.jpg,Unknown,179
./images/186480341.jpg,Unknown,2698
./images/575398111.jpg,Unknown,708
./images/480256361.jpg,Unknown,1256
./images/614401797.jpg,Unknown,225
./images/434598841.jpg,Unknown,1503
./images/542895631.jpg,Unknown,881
./images/533467631.jpg,Unknown,936
./images/605082641.jpg,Unknown,563
./images/254531011.jpg,Male,2337
./images/460918861.jpg,Unknown,1396
./images/616846516.jpg,Unknown,29
./images/300348901.jpg,Unknown,2157
./images/348412711.jpg,Female,1937
./images/165931011.jpg,Unknown,2784
./images/319019861.jpg,Unknown,2074
./images/601010681.jpg,Unknown,597
./images/327328731.jpg,Male,2032
./images/515303581.jpg,Unknown,1071
./images/606987801.jpg,Unknown,549
./images/185992041.jpg,Unknown,2700
./images/473926511.jpg,Unknown,1306
./images/616878576.jpg,Unknown,27
./images/182096871.jpg,Unknown,2711
./images/591394561.jpg,Unknown,647
./images/107619621.jpg,Male,3045
./images/391377701.jpg,Unknown,1721
./images/121599431.jpg,Unknown,2977
./images/610773940.jpg,Unknown,421
./images/139395781.jpg,Unknown,2917
./images/485856741.jpg,Female,1218
./images/284950941.jpg,Male,2221
./images/270377611.jpg,Unknown,2261
./images/479904551.jpg,Unknown,1261
./images/480973231.jpg,Female,1252
./images/33901121.jpg,Unknown,3318
./images/432262851.jpg,Unknown,1512
./images/613233248.jpg,Unknown,280
./images/522723871.jpg,Unknown,1041
./images/501317011.jpg,Unknown,1158
./images/498528221.jpg,Unknown,1175
./images/364396221.jpg,Unknown,1828
./images/530428711.jpg,Unknown,974
./images/529146151.jpg,Unknown,981
./images/562459961.jpg,Unknown,761
./images/616878580.jpg,Female,26
./images/590088441.jpg,Unknown,656
./images/441654511.jpg,Female,1481
./images/255274691.jpg,Male,2332
./images/488751991.jpg,Unknown,1202
./images/508749181.jpg,Unknown,1099
./images/301451191.jpg,Unknown,2155
./images/323628991.jpg,Unknown,2051
./images/366835841.jpg,Unknown,1809
./images/582117331.jpg,Unknown,685
./images/615145584.jpg,Unknown,185
./images/522723891.jpg,Unknown,1042
./images/401197331.jpg,Unknown,1647
./images/574054381.jpg,Unknown,717
./images/450795831.jpg,Unknown,1441
./images/616990961.jpg,Unknown,16
./images/202282631.jpg,Unknown,2608
./images/337468961.jpg,Unknown,2004
./images/494781821.jpg,Unknown,1186
./images/212819531.jpg,Unknown,2513
./images/607264491.jpg,Unknown,532
./images/616846373.jpg,Unknown,32
./images/347214631.jpg,Male,1944
./images/511521201.jpg,Unknown,1081
./images/89658141.jpg,Unknown,3134
./images/490154481.jpg,Unknown,1199
./images/216367671.jpg,Male,2498
./images/616641089.jpg,Unknown,66
./images/532440341.jpg,Unknown,952
./images/512328331.jpg,Unknown,1079
./images/616990914.jpg,Unknown,18
./images/397237621.jpg,Unknown,1664
./images/349091511.jpg,Unknown,1934
./images/450123551.jpg,Unknown,1445
./images/99277681.jpg,Unknown,3093
./images/614058700.jpg,Unknown,243
./images/84249131.jpg,Unknown,3155
./images/359223211.jpg,Unknown,1860
./images/84618141.jpg,Unknown,3152
./images/326839691.jpg,Unknown,2035
./images/703175.jpg,Male,2593
./images/616335536.jpg,Unknown,92
./images/610185457.jpg,Unknown,444
./images/614667251.jpg,Unknown,209
./images/552798661.jpg,Unknown,815
./images/156466511.jpg,Unknown,2852
./images/467841071.jpg,Unknown,1360
./images/207687261.jpg,Unknown,2552
./images/392994501.jpg,Unknown,1698
./images/615054333.jpg,Unknown,189
./images/592531901.jpg,Unknown,640
./images/573371101.jpg,Unknown,723
./images/611375670.jpg,Unknown,385
./images/616846515.jpg,Unknown,30
./images/205389281.jpg,Female,2555
./images/616518681.jpg,Unknown,79
./images/509648701.jpg,Unknown,1091
./images/492947941.jpg,Female,1190
./images/456074961.jpg,Unknown,1414
./images/363688281.jpg,Male,1835
./images/324700561.jpg,Male,2039
./images/266711861.jpg,Unknown,2279
./images/616159556.jpg,Unknown,104
./images/36928671.jpg,Male,3312
./images/533451161.jpg,Unknown,944
./images/64856521.jpg,Male,3219
./images/178683101.jpg,Unknown,2720
./images/466663001.jpg,Unknown,1373
./images/616533788.jpg,Unknown,78
./images/190021011.jpg,Unknown,2678
./images/516166191.jpg,Unknown,1066
./images/260045771.jpg,Female,2313
./images/598836431.jpg,Unknown,615
./images/179959581.jpg,Unknown,2715
./images/432098911.jpg,Unknown,1515
./images/55538391.jpg,Unknown,3243
./images/47693931.jpg,Unknown,3276
./images/504448221.jpg,Unknown,1145
./images/329145881.jpg,Unknown,2025
./images/525061071.jpg,Unknown,1020
./images/439844571.jpg,Unknown,1484
./images/191423881.jpg,Unknown,2668
./images/610398787.jpg,Female,435
./images/417604661.jpg,Unknown,1568
./images/140852091.jpg,Unknown,2906
./images/112630221.jpg,Male,3015
./images/191473551.jpg,Unknown,2664
./images/611200738.jpg,Unknown,395
./images/341646861.jpg,Unknown,1989
./images/427731231.jpg,Unknown,1531
./images/347794251.jpg,Unknown,1940
./images/508643001.jpg,Unknown,1101
./images/593568061.jpg,Unknown,630
./images/136431541.jpg,Unknown,2933
./images/386394581.jpg,Unknown,1736
./images/557731331.jpg,Unknown,790
./images/211612741.jpg,Unknown,2524
./images/616668695.jpg,Unknown,57
./images/212219561.jpg,Unknown,2520
./images/42994281.jpg,Unknown,3296
./images/98679091.jpg,Unknown,3099
./images/611391495.jpg,Unknown,384
./images/391735401.jpg,Unknown,1720
./images/614424617.jpg,Unknown,221
./images/612576307.jpg,Unknown,328
./images/244316471.jpg,Unknown,2393
./images/194863671.jpg,Unknown,2647
./images/540811131.jpg,Unknown,893
./images/48134981.jpg,Unknown,3273
./images/614234067.jpg,Unknown,232
./images/448491541.jpg,Unknown,1462
./images/614110615.jpg,Unknown,239
./images/286423451.jpg,Unknown,2210
./images/134368691.jpg,Unknown,2942
./images/403134371.jpg,Unknown,1630
./images/596159291.jpg,Unknown,622
./images/562468091.jpg,Unknown,757
./images/451853181.jpg,Unknown,1436
./images/505336121.jpg,Unknown,1131
./images/104774381.jpg,Male,3065
./images/597221131.jpg,Unknown,619
./images/528167741.jpg,Unknown,988
./images/507430451.jpg,Unknown,1118
./images/553938231.jpg,Unknown,809
./images/409093981.jpg,Unknown,1611
./images/587425421.jpg,Unknown,667
./images/346369621.jpg,Unknown,1951
./images/267046731.jpg,Unknown,2274
./images/108871211.jpg,Unknown,3038
./images/271520001.jpg,Unknown,2256
./images/616878577.jpg,Male,25
./images/547101991.jpg,Male,854
./images/604921491.jpg,Unknown,565
./images/468543171.jpg,Unknown,1348
./images/251091591.jpg,Unknown,2348
./images/387278921.jpg,Unknown,1730
./images/456926171.jpg,Unknown,1408
./images/423180091.jpg,Unknown,1541
./images/156997331.jpg,Unknown,2840
./images/392724211.jpg,Unknown,1709
./images/587644531.jpg,Unknown,665
./images/401257241.jpg,Male,1646
./images/208402011.jpg,Male,2544
./images/160860071.jpg,Male,2818
./images/507459741.jpg,Unknown,1115
./images/162350541.jpg,Male,2812
./images/224909461.jpg,Unknown,2465
./images/509101771.jpg,Unknown,1095
./images/54866801.jpg,Unknown,3247
./images/415488021.jpg,Unknown,1582
./images/614610608.jpg,Unknown,215
./images/604600471.jpg,Unknown,570
./images/500510351.jpg,Unknown,1164
./images/319666331.jpg,Male,2065
./images/368821481.jpg,Unknown,1797
./images/244316431.jpg,Unknown,2395
./images/561549651.jpg,Unknown,768
./images/130247631.jpg,Unknown,2958
./images/203617381.jpg,Unknown,2596
./images/402306521.jpg,Unknown,1636
./images/126551411.jpg,Unknown,2967
./images/395228481.jpg,Unknown,1682
./images/605700751.jpg,Unknown,559
./images/336345141.jpg,Unknown,2010
./images/162943801.jpg,Unknown,2802
./images/560127211.jpg,Female,776
./images/215253421.jpg,Unknown,2506
./images/308526401.jpg,Unknown,2124
./images/382841791.jpg,Unknown,1760
./images/607238851.jpg,Unknown,545
./images/469039601.jpg,Unknown,1340
./images/404046621.jpg,Female,1627
./images/610398789.jpg,Female,433
./images/392584501.jpg,Unknown,1714
./images/313586171.jpg,Unknown,2106
./images/616670279.jpg,Unknown,51
./images/550032881.jpg,Female,833
./images/385968051.jpg,Male,1741
./images/449209621.jpg,Unknown,1450
./images/485424371.jpg,Unknown,1229
./images/362035321.jpg,Unknown,1848
./images/89658191.jpg,Unknown,3130
./images/533451181.jpg,Unknown,942
./images/525234481.jpg,Unknown,1016
./images/561830281.jpg,Unknown,765
./images/607256911.jpg,Unknown,542
./images/174825191.jpg,Unknown,2734
./images/529972711.jpg,Female,978
./images/264336211.jpg,Unknown,2295
./images/532433511.jpg,Unknown,953
./images/255271681.jpg,Male,2333
./images/221201451.jpg,Unknown,2476
./images/573539781.jpg,Unknown,721
./images/439976771.jpg,Unknown,1483
./images/342627691.jpg,Unknown,1980
./images/523317581.jpg,Unknown,1037
./images/149072901.jpg,Female,2876
./images/115101021.jpg,Male,3007
./images/173299371.jpg,Male,2744
./images/156655651.jpg,Unknown,2848
./images/472743611.jpg,Unknown,1322
./images/608802896.jpg,Female,495
./images/259222061.jpg,Unknown,2319
./images/444047451.jpg,Unknown,1475
./images/615489431.jpg,Unknown,161
./images/49915341.jpg,Male,3261
./images/616878579.jpg,Male,24
./images/384672981.jpg,Unknown,1747
./images/611760558.jpg,Unknown,372
./images/243797661.jpg,Unknown,2398
./images/488339641.jpg,Male,1207
./images/91346471.jpg,Unknown,3123
./images/479971551.jpg,Unknown,1257
./images/69510621.jpg,Unknown,3201
./images/478174951.jpg,Unknown,1274
./images/612507603.jpg,Unknown,332
./images/483311661.jpg,Unknown,1238
./images/561549681.jpg,Unknown,769
./images/332724591.jpg,Female,2015
./images/170020601.jpg,Male,2765
./images/104086911.jpg,Male,3075
./images/556677221.jpg,Unknown,796
./images/305325941.jpg,Unknown,2143
./images/364196981.jpg,Unknown,1831
./images/238532261.jpg,Unknown,2413
./images/612576314.jpg,Unknown,324
./images/167152481.jpg,Unknown,2777
./images/561549671.jpg,Unknown,767
./images/298254671.jpg,Unknown,2170
./images/558075231.jpg,Unknown,787
./images/319376611.jpg,Unknown,2067
./images/404863161.jpg,Unknown,1624
./images/615273412.jpg,Unknown,174
./images/614401982.jpg,Unknown,223
./images/507696371.jpg,Unknown,1110
./images/43257891.jpg,Unknown,3293
./images/612392211.jpg,Unknown,335
./images/104108301.jpg,Unknown,3074
./images/309167081.jpg,Unknown,2113
./images/356434701.jpg,Unknown,1882
./images/449244641.jpg,Unknown,1448
./images/308851491.jpg,Unknown,2115
./images/366038381.jpg,Unknown,1813
./images/421376041.jpg,Unknown,1553
./images/610996322.jpg,Female,403
./images/336345061.jpg,Unknown,2012
./images/612523393.jpg,Male,330
./images/613060129.jpg,Unknown,291
./images/395042111.jpg,Unknown,1687
./images/467520651.jpg,Unknown,1363
./images/449209631.jpg,Unknown,1449
./images/468540551.jpg,Unknown,1353
./images/610318036.jpg,Unknown,438
./images/67395961.jpg,Unknown,3209
./images/604921501.jpg,Unknown,564
./images/158847681.jpg,Unknown,2827
./images/600622961.jpg,Male,603
./images/613833308.jpg,Unknown,258
./images/507430471.jpg,Unknown,1117
./images/531125731.jpg,Unknown,964
./images/610233396.jpg,Unknown,442
./images/609696437.jpg,Unknown,475
./images/205178671.jpg,Male,2561
./images/614268963.jpg,Unknown,231
./images/342605781.jpg,Unknown,1983
./images/414610421.jpg,Unknown,1586
./images/267046931.jpg,Unknown,2271
./images/355554121.jpg,Unknown,1889
./images/165611681.jpg,Unknown,2785
./images/118228401.jpg,Unknown,2994
./images/175582431.jpg,Unknown,2733
./images/448955081.jpg,Unknown,1455
./images/222508701.jpg,Unknown,2472
./images/450317161.jpg,Male,1444
./images/349631651.jpg,Unknown,1931
./images/611472890.jpg,Unknown,380
./images/508380241.jpg,Unknown,1105
./images/323147151.jpg,Unknown,2056
./images/347782381.jpg,Unknown,1941
./images/142023211.jpg,Unknown,2902
./images/40135501.jpg,Male,3298
./images/339781571.jpg,Unknown,1995
./images/475126761.jpg,Unknown,1299
./images/601153311.jpg,Male,595
./images/120816521.jpg,Male,2982
./images/613046327.jpg,Male,292
./images/467507581.jpg,Unknown,1364
./images/336345101.jpg,Unknown,2011
./images/154209121.jpg,Unknown,2861
./images/539135231.jpg,Unknown,903
./images/473565501.jpg,Unknown,1309
./images/612004039.jpg,Unknown,353
./images/616205533.jpg,Unknown,97
./images/496986591.jpg,Unknown,1177
./images/301774261.jpg,Unknown,2152
./images/249354251.jpg,Unknown,2363
./images/608771425.jpg,Unknown,497
./images/410627561.jpg,Unknown,1598
./images/369379961.jpg,Unknown,1791
./images/329822211.jpg,Unknown,2023
./images/595528111.jpg,Unknown,625
./images/202199931.jpg,Unknown,2611
./images/351766611.jpg,Unknown,1919
./images/398128971.jpg,Unknown,1658
./images/419844791.jpg,Unknown,1564
./images/156974061.jpg,Unknown,2842
./images/514771461.jpg,Unknown,1073
./images/197800621.jpg,Unknown,2627
./images/176664081.jpg,Unknown,2731
./images/498120271.jpg,Unknown,1176
./images/525936041.jpg,Male,1007
./images/614401983.jpg,Unknown,224
./images/47874741.jpg,Unknown,3275
./images/575530381.jpg,Unknown,706
./images/495548811.jpg,Unknown,1180
./images/616656325.jpg,Unknown,63
./images/208741521.jpg,Male,2537
./images/612107345.jpg,Unknown,347
./images/256402231.jpg,Female,2324
./images/603781631.jpg,Unknown,577
./images/611882248.jpg,Unknown,359
./images/225778571.jpg,Unknown,2460
./images/156317611.jpg,Unknown,2853
./images/59634931.jpg,Unknown,3232
./images/600752531.jpg,Female,598
./images/192467311.jpg,Unknown,2661
./images/504704451.jpg,Unknown,1139
./images/459285991.jpg,Unknown,1402
./images/345591551.jpg,Unknown,1955
./images/590838261.jpg,Unknown,651
./images/612936578.jpg,Unknown,299
./images/195577231.jpg,Male,2641
./images/130255551.jpg,Male,2957
./images/389657731.jpg,Unknown,1725
./images/97146641.jpg,Unknown,3106
./images/583650451.jpg,Unknown,680
./images/522633571.jpg,Unknown,1046
./images/615244046.jpg,Unknown,178
./images/526307401.jpg,Unknown,1004
./images/207987711.jpg,Unknown,2550
./images/260619771.jpg,Unknown,2306
./images/519615921.jpg,Unknown,1053
./images/507429401.jpg,Unknown,1120
./images/584107801.jpg,Male,679
./images/616878578.jpg,Male,23
./images/491744281.jpg,Male,1193
./images/609263578.jpg,Unknown,486
./images/595475741.jpg,Unknown,626
./images/350003651.jpg,Unknown,1928
./images/394083891.jpg,Unknown,1692
./images/477075871.jpg,Unknown,1282
./images/121475921.jpg,Male,2979
./images/615691482.jpg,Unknown,149
./images/198378541.jpg,Unknown,2624
./images/616826418.jpg,Unknown,40
./images/384286171.jpg,Male,1750
./images/584114911.jpg,Male,675
./images/610778638.jpg,Unknown,418
./images/611301282.jpg,Unknown,393
./images/119341601.jpg,Unknown,2992
./images/485465411.jpg,Unknown,1226
./images/609892424.jpg,Unknown,459
./images/156994231.jpg,Male,2841
./images/344782091.jpg,Male,1961
./images/216136611.jpg,Male,2499
./images/290747061.jpg,Unknown,2198
./images/611438928.jpg,Unknown,383
./images/308851421.jpg,Unknown,2116
./images/415920971.jpg,Unknown,1580
./images/600630681.jpg,Unknown,600
./images/204148401.jpg,Unknown,2582
./images/610022621.jpg,Unknown,450
./images/572564291.jpg,Unknown,726
./images/362868231.jpg,Unknown,1842
./images/272035541.jpg,Unknown,2253
./images/613415291.jpg,Unknown,276
./images/614707384.jpg,Unknown,203
./images/353954481.jpg,Unknown,1900
./images/343197791.jpg,Unknown,1975
./images/95636991.jpg,Unknown,3109
./images/396564931.jpg,Unknown,1670
./images/212272341.jpg,Unknown,2518
./images/368821571.jpg,Unknown,1796
./images/613233250.jpg,Unknown,281
./images/250694351.jpg,Unknown,2349
./images/87930601.jpg,Male,3146
./images/231754441.jpg,Unknown,2445
./images/613233253.jpg,Unknown,286
./images/615041750.jpg,Unknown,191
./images/271199841.jpg,Male,2257
./images/464647911.jpg,Male,1379
./images/92257341.jpg,Male,3118
./images/558438551.jpg,Male,784
./images/151395851.jpg,Female,2865
./images/81778311.jpg,Unknown,3165
./images/479540561.jpg,Unknown,1266
./images/205389291.jpg,Male,2557
./images/455590911.jpg,Unknown,1415
./images/615762808.jpg,Unknown,146
./images/610723858.jpg,Unknown,425
./images/196895541.jpg,Unknown,2634
./images/615762809.jpg,Unknown,143
./images/364447371.jpg,Female,1825
./images/612387066.jpg,Unknown,337
./images/612889924.jpg,Unknown,304
./images/24806891.jpg,Female,3339
./images/556016171.jpg,Unknown,799
./images/194889911.jpg,Female,2646
./images/97003021.jpg,Unknown,3108
./images/590088431.jpg,Unknown,657
./images/354058021.jpg,Male,1898
./images/120816531.jpg,Male,2981
./images/517918291.jpg,Unknown,1063
./images/352220981.jpg,Unknown,1912
./images/615951152.jpg,Unknown,115
./images/212232291.jpg,Unknown,2519
./images/607762751.jpg,Unknown,529
./images/215504131.jpg,Unknown,2505
./images/196895551.jpg,Unknown,2633
./images/612967528.jpg,Unknown,293
./images/405019561.jpg,Unknown,1623
./images/384286161.jpg,Unknown,1751
./images/581864961.jpg,Unknown,687
./images/608623960.jpg,Unknown,508
./images/113189651.jpg,Male,3012
./images/102239101.jpg,Male,3080
./images/540495851.jpg,Unknown,894
./images/352990581.jpg,Unknown,1910
./images/126152921.jpg,Unknown,2968
./images/524479231.jpg,Unknown,1031
./images/396093791.jpg,Unknown,1677
./images/302972271.jpg,Unknown,2148
./images/601153321.jpg,Male,594
./images/612636366.jpg,Unknown,321
./images/612364623.jpg,Unknown,338
./images/331139091.jpg,Unknown,2018
./images/86631991.jpg,Unknown,3150
./images/409715921.jpg,Unknown,1605
./images/613185125.jpg,Unknown,288
./images/610623367.jpg,Unknown,427
./images/66043571.jpg,Female,3216
./images/614284621.jpg,Unknown,229
./images/488339661.jpg,Male,1203
./images/343790261.jpg,Unknown,1973
./images/343790271.jpg,Unknown,1972
./images/69345301.jpg,Male,3203
./images/615046706.jpg,Male,190
./images/171406691.jpg,Male,2759
./images/593313401.jpg,Unknown,632
./images/341397051.jpg,Unknown,1990
./images/616566550.jpg,Unknown,76
./images/288027011.jpg,Female,2204
./images/286845931.jpg,Unknown,2209
./images/95046021.jpg,Male,3112
./images/533393001.jpg,Unknown,947
./images/613355486.jpg,Unknown,277
./images/395322951.jpg,Unknown,1680
./images/454954561.jpg,Unknown,1417
./images/482045271.jpg,Unknown,1244
./images/420811671.jpg,Unknown,1562
./images/602655791.jpg,Unknown,583
./images/488339631.jpg,Unknown,1208
./images/301451161.jpg,Unknown,2156
./images/524537201.jpg,Unknown,1022
./images/305998031.jpg,Unknown,2137
./images/505657161.jpg,Unknown,1127
./images/394083811.jpg,Unknown,1696
./images/204920681.jpg,Unknown,2567
./images/191321611.jpg,Unknown,2669
./images/29882151.jpg,Unknown,3328
./images/340623291.jpg,Unknown,1992
./images/353796311.jpg,Female,1907
./images/204689941.jpg,Unknown,2574
./images/298254271.jpg,Unknown,2171
./images/346749351.jpg,Male,1945
./images/533278351.jpg,Unknown,949
./images/607238841.jpg,Unknown,547
./images/612197767.jpg,Unknown,344
./images/400351131.jpg,Unknown,1648
./images/184259321.jpg,Unknown,2707
./images/553234051.jpg,Unknown,814
./images/106755521.jpg,Unknown,3055
./images/376856641.jpg,Unknown,1770
./images/386389641.jpg,Unknown,1738
./images/426406911.jpg,Female,1534
./images/417620081.jpg,Unknown,1567
./images/467850551.jpg,Unknown,1358
./images/591500761.jpg,Unknown,646
./images/206846641.jpg,Unknown,2588
./images/111916271.jpg,Unknown,3017
./images/348373301.jpg,Unknown,1938
./images/291168271.jpg,Unknown,2192
./images/324372941.jpg,Unknown,2041
./images/595595601.jpg,Unknown,624
./images/483588221.jpg,Unknown,1235
./images/307340401.jpg,Unknown,2133
./images/428261541.jpg,Unknown,1528
./images/205824021.jpg,Male,2581
./images/102409751.jpg,Male,3077
./images/131033811.jpg,Unknown,2954
./images/543349221.jpg,Unknown,877
./images/56089981.jpg,Male,3242
./images/461404131.jpg,Unknown,1393
./images/612737543.jpg,Unknown,312
./images/608835078.jpg,Unknown,491
./images/188616401.jpg,Unknown,2686
./images/602029081.jpg,Female,591
./images/612513440.jpg,Unknown,331
./images/249354171.jpg,Unknown,2365
./images/73033261.jpg,Unknown,3189
./images/173299361.jpg,Male,2745
./images/519401891.jpg,Unknown,1055
./images/238035751.jpg,Unknown,2418
./images/318283921.jpg,Male,2077
./images/63151951.jpg,Unknown,3225
./images/616327550.jpg,Unknown,94
./images/190021001.jpg,Unknown,2679
./images/432262541.jpg,Unknown,1513
./images/466694681.jpg,Female,1369
./images/576303611.jpg,Unknown,701
./images/267276571.jpg,Unknown,2270
./images/408924471.jpg,Unknown,1616
./images/421220901.jpg,Unknown,1560
./images/495366421.jpg,Unknown,1184
./images/37074881.jpg,Female,3311
./images/252907841.jpg,Unknown,2343
./images/471667861.jpg,Unknown,1330
./images/508756931.jpg,Unknown,1096
./images/97003041.jpg,Unknown,3107
./images/198378531.jpg,Unknown,2625
./images/52128461.jpg,Unknown,3251
./images/439629401.jpg,Unknown,1487
./images/118228391.jpg,Unknown,2995
./images/296110711.jpg,Unknown,2176
./images/465885361.jpg,Unknown,1375
./images/568242271.jpg,Unknown,736
./images/368262851.jpg,Unknown,1805
./images/208357221.jpg,Unknown,2548
./images/479654681.jpg,Male,1264
./images/610611174.jpg,Unknown,429
./images/370577111.jpg,Unknown,1790
./images/438893391.jpg,Unknown,1491
./images/344781721.jpg,Unknown,1963
./images/544239181.jpg,Unknown,873
./images/614143032.jpg,Unknown,237
./images/609522773.jpg,Unknown,480
./images/169253981.jpg,Unknown,2768
./images/396234451.jpg,Unknown,1673
./images/456770761.jpg,Unknown,1411
./images/367567321.jpg,Unknown,1808
./images/612296261.jpg,Unknown,342
./images/504448241.jpg,Unknown,1144
./images/562465121.jpg,Unknown,759
./images/396564941.jpg,Unknown,1669
./images/117632601.jpg,Unknown,2999
./images/565194201.jpg,Female,746
./images/192986921.jpg,Unknown,2659
./images/551466991.jpg,Unknown,826
./images/538710931.jpg,Unknown,915
./images/101357031.jpg,Female,3086
./images/590829881.jpg,Unknown,652
./images/613855310.jpg,Unknown,251
./images/485728841.jpg,Unknown,1219
./images/238095191.jpg,Unknown,2417
./images/537415431.jpg,Unknown,920
./images/504815001.jpg,Unknown,1137
./images/611117068.jpg,Unknown,399
./images/612051960.jpg,Unknown,350
./images/373495601.jpg,Unknown,1783
./images/386073571.jpg,Unknown,1740
./images/293532001.jpg,Unknown,2184
./images/551608831.jpg,Unknown,822
./images/193820701.jpg,Unknown,2656
./images/247530541.jpg,Unknown,2376
./images/509437351.jpg,Unknown,1093
./images/479904541.jpg,Unknown,1262
./images/94202551.jpg,Unknown,3114
./images/383584641.jpg,Male,1758
./images/467850561.jpg,Unknown,1357
./images/368577401.jpg,Unknown,1801
./images/612787373.jpg,Unknown,308
./images/476334331.jpg,Male,1290
./images/572181671.jpg,Unknown,728
./images/368577391.jpg,Unknown,1802
./images/308526371.jpg,Unknown,2126
./images/319374491.jpg,Unknown,2070
./images/220525131.jpg,Unknown,2481
./images/99452361.jpg,Female,3090
./images/602245531.jpg,Unknown,586
./images/475146011.jpg,Unknown,1297
./images/324176671.jpg,Unknown,2046
./images/107711611.jpg,Unknown,3043
./images/560230771.jpg,Unknown,775
./images/166687881.jpg,Female,2781
./images/454275851.jpg,Unknown,1422
./images/614599904.jpg,Unknown,216
./images/540156361.jpg,Unknown,900
./images/479540421.jpg,Unknown,1267
./images/323243591.jpg,Unknown,2055
./images/542289261.jpg,Female,884
./images/353935531.jpg,Female,1904
./images/91103131.jpg,Unknown,3124
./images/579783671.jpg,Unknown,695
./images/614826963.jpg,Unknown,196
./images/99451231.jpg,Male,3091
./images/500510221.jpg,Unknown,1165
./images/421827931.jpg,Unknown,1547
./images/612679208.jpg,Male,319
./images/227984581.jpg,Unknown,2450
./images/397551291.jpg,Unknown,1661
./images/607256951.jpg,Unknown,539
./images/245201081.jpg,Unknown,2385
./images/224223231.jpg,Unknown,2468
./images/581673831.jpg,Unknown,693
./images/533451151.jpg,Unknown,945
./images/98848011.jpg,Male,3097
./images/353954441.jpg,Unknown,1903
./images/164344291.jpg,Male,2792
./images/305808491.jpg,Unknown,2141
./images/617203652.jpg,Unknown,4
./images/508577301.jpg,Unknown,1103
./images/606504481.jpg,Unknown,556
./images/613473365.jpg,Unknown,274
./images/261871271.jpg,Unknown,2302
./images/207816741.jpg,Unknown,2551
./images/510030881.jpg,Unknown,1087
./images/616990979.jpg,Unknown,11
./images/592531891.jpg,Unknown,639
./images/88533831.jpg,Male,3144
./images/572815291.jpg,Unknown,725
./images/109051111.jpg,Male,3032
./images/282730161.jpg,Unknown,2233
./images/200456451.jpg,Unknown,2614
./images/520512631.jpg,Male,1052
./images/74769931.jpg,Male,3185
./images/168002871.jpg,Female,2773
./images/49011031.jpg,Unknown,3268
./images/237644731.jpg,Unknown,2419
./images/615489440.jpg,Unknown,160
./images/591770341.jpg,Unknown,642
./images/190296151.jpg,Unknown,2677
./images/614667248.jpg,Unknown,208
./images/611882247.jpg,Unknown,360
./images/268003091.jpg,Unknown,2268
./images/616688535.jpg,Unknown,43
./images/531125811.jpg,Unknown,963
./images/615688337.jpg,Unknown,151
./images/593134781.jpg,Unknown,635
./images/103928811.jpg,Female,3076
./images/322294641.jpg,Unknown,2058
./images/530016591.jpg,Unknown,977
./images/414970751.jpg,Unknown,1584
./images/615489424.jpg,Unknown,164
./images/562465141.jpg,Unknown,758
./images/119849621.jpg,Unknown,2985
./images/504815011.jpg,Unknown,1138
./images/287201321.jpg,Unknown,2207
./images/475552651.jpg,Unknown,1296
./images/533392991.jpg,Unknown,946
./images/511259721.jpg,Unknown,1082
./images/232845791.jpg,Unknown,2436
./images/89679311.jpg,Unknown,3128
./images/614684345.jpg,Female,204
./images/246679021.jpg,Unknown,2381
./images/449209601.jpg,Unknown,1452
./images/291168211.jpg,Unknown,2195
./images/200633091.jpg,Unknown,2613
./images/612107346.jpg,Unknown,348
./images/266711881.jpg,Unknown,2277
./images/106990321.jpg,Unknown,3052
./images/356312781.jpg,Unknown,1886
./images/495438681.jpg,Unknown,1182
./images/239342441.jpg,Unknown,2411
./images/589472571.jpg,Unknown,659
./images/386926781.jpg,Unknown,1733
./images/282757601.jpg,Female,2230
./images/315583351.jpg,Unknown,2102
./images/616990972.jpg,Unknown,14
./images/250100181.jpg,Unknown,2360
./images/46415871.jpg,Unknown,3279
./images/231754451.jpg,Unknown,2444
./images/556015911.jpg,Unknown,800
./images/588549251.jpg,Unknown,661
./images/396093951.jpg,Unknown,1674
./images/503865651.jpg,Unknown,1149
./images/259239991.jpg,Unknown,2318
./images/590444771.jpg,Unknown,653
./images/559475801.jpg,Unknown,778
./images/189145091.jpg,Unknown,2684
./images/522226651.jpg,Unknown,1048
./images/139177191.jpg,Male,2922
./images/595352971.jpg,Unknown,627
./images/212695291.jpg,Unknown,2514
./images/610978656.jpg,Female,410
./images/398365321.jpg,Unknown,1656
./images/509437361.jpg,Unknown,1092
./images/519401871.jpg,Unknown,1056
./images/480973251.jpg,Female,1251
./images/72235431.jpg,Male,3192
./images/94202571.jpg,Unknown,3113
./images/339880591.jpg,Unknown,1994
./images/611766273.jpg,Unknown,371
./images/305997951.jpg,Unknown,2138
./images/409008891.jpg,Unknown,1615
./images/612947915.jpg,Unknown,294
./images/305407811.jpg,Unknown,2142
./images/526468301.jpg,Unknown,1000
./images/448520301.jpg,Unknown,1460
./images/269188741.jpg,Female,2263
./images/319372181.jpg,Unknown,2071
./images/499930491.jpg,Unknown,1173
./images/344782141.jpg,Male,1960
./images/210546081.jpg,Unknown,2528
./images/615489423.jpg,Unknown,165
./images/604600481.jpg,Unknown,571
./images/357715481.jpg,Unknown,1875
./images/49155931.jpg,Male,3267
./images/717007.jpg,Unknown,2592
./images/573750441.jpg,Unknown,720
./images/421437691.jpg,Unknown,1551
./images/584115371.jpg,Male,674
./images/397234611.jpg,Unknown,1665
./images/89658131.jpg,Unknown,3135
./images/326855261.jpg,Unknown,2034
./images/526139241.jpg,Female,1006
./images/598845011.jpg,Unknown,612
./images/417319391.jpg,Unknown,1569
./images/573153961.jpg,Unknown,724
./images/488339651.jpg,Male,1205
./images/107591111.jpg,Unknown,3049
./images/615144978.jpg,Unknown,188
./images/529788081.jpg,Unknown,980
./images/472649361.jpg,Male,1325
./images/296032541.jpg,Unknown,2178
./images/156518101.jpg,Unknown,2851
./images/609947335.jpg,Unknown,456
./images/360757071.jpg,Unknown,1855
./images/180902951.jpg,Unknown,2712
./images/528167731.jpg,Unknown,989
./images/475135311.jpg,Unknown,1298
./images/614616158.jpg,Unknown,213
./images/560852591.jpg,Unknown,773
./images/605286891.jpg,Unknown,560
./images/266285371.jpg,Male,2286
./images/568242251.jpg,Unknown,735
./images/616187099.jpg,Male,102
./images/366669411.jpg,Unknown,1810
./images/461685881.jpg,Female,1390
./images/507351271.jpg,Unknown,1121
./images/206142331.jpg,Unknown,2559
./images/226659981.jpg,Unknown,2454
./images/102238991.jpg,Male,3082
./images/611022548.jpg,Unknown,402
./images/609929096.jpg,Unknown,458
./images/130873671.jpg,Unknown,2955
./images/520679291.jpg,Unknown,1051
./images/155996371.jpg,Male,2856
./images/123912001.jpg,Male,2970
./images/592961901.jpg,Unknown,636
./images/129563961.jpg,Unknown,2959
./images/350466321.jpg,Unknown,1927
./images/119849071.jpg,Unknown,2989
./images/32309051.jpg,Unknown,3323
./images/425045851.jpg,Unknown,1539
./images/119341621.jpg,Unknown,2990
./images/317491121.jpg,Unknown,2078
./images/149679001.jpg,Unknown,2873
./images/346369661.jpg,Unknown,1949
./images/402306501.jpg,Unknown,1638
./images/349113721.jpg,Unknown,1933
./images/453215321.jpg,Unknown,1427
./images/599957581.jpg,Unknown,608
./images/88646841.jpg,Male,3141
./images/450020131.jpg,Unknown,1446
./images/221201421.jpg,Unknown,2477
./images/610106704.jpg,Unknown,445
./images/477081151.jpg,Unknown,1281
./images/249626281.jpg,Unknown,2361
./images/171193091.jpg,Unknown,2761
./images/513631441.jpg,Unknown,1075
./images/323818141.jpg,Unknown,2047
./images/281528741.jpg,Unknown,2237
./images/395974241.jpg,Unknown,1678
./images/484275631.jpg,Unknown,1234
./images/136269331.jpg,Unknown,2935
./images/533467651.jpg,Unknown,939
./images/524479881.jpg,Unknown,1024
./images/444120861.jpg,Unknown,1474
./images/511084581.jpg,Unknown,1083
./images/63151961.jpg,Unknown,3224
./images/209841021.jpg,Unknown,2530
./images/194909381.jpg,Unknown,2645
./images/281751861.jpg,Unknown,2235
./images/364448061.jpg,Unknown,1823
./images/216418731.jpg,Unknown,2497
./images/461035041.jpg,Unknown,1395
./images/415921011.jpg,Unknown,1577
./images/598845041.jpg,Unknown,613
./images/507459751.jpg,Unknown,1113
./images/250502041.jpg,Female,2352
./images/610343513.jpg,Unknown,436
./images/533483831.jpg,Unknown,930
./images/581836881.jpg,Unknown,689
./images/505455991.jpg,Unknown,1129
./images/614960689.jpg,Unknown,195
./images/614424615.jpg,Unknown,222
./images/101142111.jpg,Male,3087
./images/493368901.jpg,Unknown,1189
./images/450918851.jpg,Unknown,1439
./images/22395481.jpg,Unknown,3347
./images/610398788.jpg,Female,434
./images/81297581.jpg,Unknown,3169
./images/345976391.jpg,Unknown,1953
./images/130255561.jpg,Male,2956
./images/402721381.jpg,Unknown,1632
./images/250443381.jpg,Unknown,2353
./images/317420101.jpg,Male,2080
./images/395042201.jpg,Unknown,1684
./images/597220981.jpg,Unknown,620
./images/82992411.jpg,Unknown,3161
./images/608621152.jpg,Male,512
./images/268472341.jpg,Unknown,2265
./images/51258831.jpg,Female,3253
./images/266171311.jpg,Unknown,2288
./images/611541475.jpg,Unknown,378
./images/166344951.jpg,Unknown,2782
./images/376130541.jpg,Unknown,1771
./images/523584181.jpg,Unknown,1035
./images/516166181.jpg,Unknown,1067
./images/530788831.jpg,Unknown,973
./images/160432401.jpg,Unknown,2821
./images/305325911.jpg,Unknown,2144
./images/48321591.jpg,Unknown,3270
./images/571457891.jpg,Unknown,731
./images/315585411.jpg,Unknown,2099
./images/391375741.jpg,Male,1722
./images/507430381.jpg,Unknown,1119
./images/215830351.jpg,Unknown,2503
./images/61745191.jpg,Unknown,3229
./images/548327671.jpg,Unknown,847
./images/552110821.jpg,Unknown,820
./images/217357891.jpg,Unknown,2493
./images/199910961.jpg,Unknown,2619
./images/107722811.jpg,Unknown,3042
./images/587772661.jpg,Unknown,663
./images/328661081.jpg,Female,2029
./images/84235351.jpg,Unknown,3156
./images/77824961.jpg,Unknown,3179
./images/572484371.jpg,Unknown,727
./images/553930461.jpg,Unknown,810
./images/244316551.jpg,Unknown,2389
./images/169253991.jpg,Unknown,2767
./images/512328321.jpg,Unknown,1080
./images/255113511.jpg,Unknown,2335
./images/26004101.jpg,Unknown,3338
./images/397196281.jpg,Unknown,1666
./images/538452161.jpg,Unknown,918
./images/234540511.jpg,Unknown,2429
./images/250214551.jpg,Unknown,2356
./images/459696811.jpg,Male,1401
./images/538838801.jpg,Unknown,904
./images/191758501.jpg,Unknown,2662
./images/615762811.jpg,Unknown,142
./images/225823571.jpg,Unknown,2457
./images/612858084.jpg,Unknown,305
./images/616187098.jpg,Male,103
./images/140685851.jpg,Female,2908
./images/191427021.jpg,Unknown,2665
./images/134691531.jpg,Unknown,2939
./images/204479051.jpg,Male,2576
./images/315187341.jpg,Unknown,2104
./images/507487551.jpg,Unknown,1111
./images/165611571.jpg,Unknown,2786
./images/398566181.jpg,Unknown,1654
./images/615762812.jpg,Unknown,145
./images/409008931.jpg,Unknown,1613
./images/541666941.jpg,Female,891
./images/225342201.jpg,Unknown,2463
./images/43020771.jpg,Male,3295
./images/355554061.jpg,Unknown,1890
./images/405471401.jpg,Female,1622
./images/582833951.jpg,Unknown,682
./images/88646821.jpg,Male,3143
./images/350900631.jpg,Unknown,1925
./images/609812926.jpg,Unknown,465
./images/616990924.jpg,Unknown,17
./images/454954551.jpg,Unknown,1418
./images/108871221.jpg,Unknown,3037
./images/616191310.jpg,Unknown,100
./images/154374691.jpg,Unknown,2859
./images/607256931.jpg,Unknown,540
./images/610693079.jpg,Female,426
./images/515583651.jpg,Unknown,1069
./images/141875021.jpg,Unknown,2905
./images/400115471.jpg,Unknown,1649
./images/524537211.jpg,Unknown,1023
./images/448602681.jpg,Unknown,1459
./images/479904561.jpg,Unknown,1263
./images/616846041.jpg,Unknown,39
./images/392724031.jpg,Unknown,1710
./images/586374621.jpg,Unknown,671
./images/610031852.jpg,Unknown,448
./images/612789857.jpg,Unknown,306
./images/549727561.jpg,Unknown,835
./images/43433891.jpg,Unknown,3292
./images/307784381.jpg,Unknown,2130
./images/284624481.jpg,Unknown,2224
./images/553930471.jpg,Unknown,811
./images/170115951.jpg,Male,2763
./images/425196521.jpg,Unknown,1535
./images/559331181.jpg,Unknown,781
./images/608653023.jpg,Male,503
./images/396234481.jpg,Unknown,1672
./images/473501551.jpg,Unknown,1313
./images/106407451.jpg,Male,3058
./images/220245221.jpg,Unknown,2482
./images/376867181.jpg,Unknown,1768
./images/170070871.jpg,Unknown,2764
./images/266822401.jpg,Unknown,2276
./images/544242391.jpg,Unknown,872
./images/336126571.jpg,Unknown,2014
./images/551608801.jpg,Unknown,823
./images/608485242.jpg,Unknown,515
./images/399151001.jpg,Unknown,1652
./images/98598921.jpg,Male,3102
./images/110242211.jpg,Unknown,3028
./images/74757851.jpg,Male,3186
./images/107791101.jpg,Unknown,3041
./images/234552101.jpg,Unknown,2428
./images/613817017.jpg,Unknown,263
./images/614233729.jpg,Unknown,233
./images/545890221.jpg,Unknown,863
./images/376944181.jpg,Unknown,1767
./images/136454861.jpg,Female,2932
./images/277410551.jpg,Unknown,2245
./images/525061061.jpg,Unknown,1018
./images/615963991.jpg,Unknown,110
./images/224387051.jpg,Unknown,2467
./images/208385451.jpg,Unknown,2547
./images/530890971.jpg,Unknown,967
./images/259813831.jpg,Unknown,2314
./images/468543161.jpg,Unknown,1349
./images/443861911.jpg,Unknown,1477
./images/65995331.jpg,Male,3217
./images/492776841.jpg,Unknown,1191
./images/285388121.jpg,Unknown,2214
./images/146036221.jpg,Unknown,2886
./images/545725191.jpg,Male,866
./images/30043401.jpg,Unknown,3327
./images/250528091.jpg,Unknown,2350
./images/385812011.jpg,Unknown,1742
./images/358507311.jpg,Unknown,1864
./images/448491501.jpg,Unknown,1463
./images/607751331.jpg,Unknown,530
./images/480574381.jpg,Unknown,1254
./images/568209481.jpg,Unknown,738
./images/176966361.jpg,Unknown,2730
./images/613272564.jpg,Unknown,278
./images/281751221.jpg,Unknown,2236
./images/615684177.jpg,Unknown,153
./images/84217111.jpg,Male,3157
./images/611803087.jpg,Unknown,366
./images/471148301.jpg,Unknown,1332
./images/533451191.jpg,Unknown,940
./images/296455561.jpg,Unknown,2172
./images/549086131.jpg,Unknown,843
./images/134415431.jpg,Unknown,2941
./images/369056781.jpg,Unknown,1792
./images/606512841.jpg,Female,555
./images/500909771.jpg,Unknown,1159
./images/607257011.jpg,Unknown,534
./images/308834271.jpg,Unknown,2117
./images/396093901.jpg,Unknown,1676
./images/617117457.jpg,Unknown,9
./images/440886301.jpg,Unknown,1482
./images/194553991.jpg,Male,2650
./images/260619581.jpg,Unknown,2307
./images/609847151.jpg,Unknown,460
./images/612576317.jpg,Unknown,327
./images/167152461.jpg,Unknown,2778
./images/531799531.jpg,Unknown,959
./images/308670321.jpg,Unknown,2119
./images/559475791.jpg,Unknown,779
./images/429923631.jpg,Unknown,1522
./images/144407091.jpg,Female,2891
./images/26649691.jpg,Unknown,3336
./images/472710191.jpg,Male,1324
./images/27300001.jpg,Unknown,3335
./images/550705001.jpg,Male,831
./images/490274291.jpg,Unknown,1198
./images/152643121.jpg,Unknown,2863
./images/430650271.jpg,Unknown,1520
./images/356434691.jpg,Unknown,1883
./images/607238861.jpg,Unknown,546
./images/187491311.jpg,Unknown,2691
./images/109036641.jpg,Unknown,3033
./images/524478971.jpg,Unknown,1033
./images/500465631.jpg,Female,1169
./images/251778341.jpg,Unknown,2346
./images/186593531.jpg,Unknown,2696
./images/485941591.jpg,Unknown,1217
./images/548785801.jpg,Male,844
./images/615588643.jpg,Unknown,158
./images/548225081.jpg,Unknown,849
./images/133038441.jpg,Unknown,2943
./images/277464181.jpg,Unknown,2243
./images/466694691.jpg,Female,1368
./images/88646851.jpg,Male,3140
./images/171787051.jpg,Male,2756
./images/617210190.jpg,Male,2
./images/429609421.jpg,Unknown,1524
./images/612737413.jpg,Unknown,316
./images/308670311.jpg,Unknown,2120
./images/40053941.jpg,Unknown,3299
./images/221935961.jpg,Unknown,2473
./images/289898051.jpg,Unknown,2202
./images/353954451.jpg,Unknown,1902
./images/162941921.jpg,Unknown,2808
./images/129558151.jpg,Unknown,2960
./images/445272291.jpg,Unknown,1471
./images/614567632.jpg,Unknown,217
./images/466694591.jpg,Male,1371
./images/610015399.jpg,Unknown,453
./images/437871751.jpg,Unknown,1499
./images/616670278.jpg,Unknown,52
./images/616191312.jpg,Unknown,98
./images/448669471.jpg,Unknown,1457
./images/483193431.jpg,Unknown,1241
./images/506182511.jpg,Male,1123
./images/568780121.jpg,Unknown,734
./images/368262761.jpg,Male,1807
./images/615771663.jpg,Unknown,129
./images/613415292.jpg,Unknown,275
./images/316824561.jpg,Unknown,2086
./images/542014301.jpg,Unknown,885
./images/584107811.jpg,Male,678
./images/143561651.jpg,Male,2893
./images/609797004.jpg,Unknown,471
./images/430847161.jpg,Unknown,1518
./images/273436781.jpg,Unknown,2251
./images/209841011.jpg,Unknown,2531
./images/394084821.jpg,Unknown,1691
./images/247775131.jpg,Unknown,2373
./images/478724271.jpg,Unknown,1268
./images/325669811.jpg,Male,2038
./images/77824971.jpg,Unknown,3178
./images/326070281.jpg,Male,2036
./images/612306544.jpg,Unknown,340
./images/397551271.jpg,Unknown,1662
./images/45188131.jpg,Unknown,3286
./images/172529941.jpg,Unknown,2752
./images/602073441.jpg,Unknown,588
./images/59290581.jpg,Unknown,3233
./images/446744331.jpg,Unknown,1467
./images/616681262.jpg,Unknown,49
./images/615307247.jpg,Unknown,171
./images/162943831.jpg,Unknown,2801
./images/614154078.jpg,Female,236
./images/566166811.jpg,Unknown,740
./images/614108936.jpg,Unknown,240
./images/611353804.jpg,Unknown,388
./images/613855311.jpg,Unknown,252
./images/319374511.jpg,Unknown,2069
./images/477373421.jpg,Unknown,1276
./images/613837133.jpg,Unknown,256
./images/573897341.jpg,Unknown,719
./images/255626671.jpg,Unknown,2329
./images/615762810.jpg,Unknown,141
./images/538835741.jpg,Unknown,906
./images/139859851.jpg,Female,2911
./images/320708711.jpg,Unknown,2061
./images/483455981.jpg,Unknown,1237
./images/593781821.jpg,Unknown,629
./images/581860641.jpg,Unknown,688
./images/282757581.jpg,Male,2232
./images/476756331.jpg,Male,1287
./images/614963646.jpg,Unknown,193
./images/109496961.jpg,Female,3030
./images/352178291.jpg,Unknown,1914
./images/616335537.jpg,Unknown,90
./images/450795881.jpg,Unknown,1440
./images/382610071.jpg,Unknown,1761
./images/525647861.jpg,Unknown,1010
./images/350562611.jpg,Female,1926
./images/394083881.jpg,Unknown,1693
./images/617151137.jpg,Unknown,8
./images/452550021.jpg,Unknown,1431
./images/20692421.jpg,Unknown,3350
./images/392723991.jpg,Unknown,1711
./images/299428031.jpg,Unknown,2164
./images/615763427.jpg,Unknown,136
./images/425196511.jpg,Unknown,1536
./images/437319851.jpg,Unknown,1501
./images/420139721.jpg,Unknown,1563
./images/232288691.jpg,Unknown,2437
./images/100679961.jpg,Male,3088
./images/601153301.jpg,Male,596
./images/611866115.jpg,Male,363
./images/518029871.jpg,Unknown,1058
./images/508156201.jpg,Unknown,1108
./images/247775141.jpg,Unknown,2372
./images/111445701.jpg,Unknown,3019
./images/611766274.jpg,Unknown,370
./images/395042161.jpg,Unknown,1686
./images/611188474.jpg,Unknown,397
./images/142023131.jpg,Unknown,2903
./images/66043621.jpg,Male,3215
./images/553234101.jpg,Unknown,813
./images/220245201.jpg,Unknown,2484
./images/134431381.jpg,Unknown,2940
./images/612167984.jpg,Unknown,345
./images/202494031.jpg,Unknown,2605
./images/526534891.jpg,Unknown,999
./images/564934871.jpg,Unknown,747
./images/561549661.jpg,Unknown,766
./images/358692121.jpg,Unknown,1862
./images/266711871.jpg,Unknown,2278
./images/99187631.jpg,Unknown,3095
./images/397789261.jpg,Unknown,1660
./images/346748741.jpg,Male,1946
./images/549983821.jpg,Unknown,834
./images/104159131.jpg,Male,3073
./images/524479571.jpg,Unknown,1027
./images/230970311.jpg,Unknown,2447
./images/531799551.jpg,Unknown,958
./images/461408441.jpg,Unknown,1392
./images/23710021.jpg,Unknown,3342
./images/561294911.jpg,Unknown,771
./images/191427011.jpg,Unknown,2666
./images/531799541.jpg,Unknown,957
./images/308639271.jpg,Unknown,2121
./images/613920792.jpg,Unknown,249
./images/299724841.jpg,Unknown,2162
./images/354843231.jpg,Unknown,1895
./images/614143031.jpg,Unknown,238
./images/315591011.jpg,Unknown,2095
./images/173299161.jpg,Female,2747
./images/581836861.jpg,Unknown,690
./images/611039360.jpg,Unknown,401
./images/396564961.jpg,Unknown,1667
./images/546086091.jpg,Unknown,858
./images/277410571.jpg,Unknown,2244
./images/162941951.jpg,Unknown,2805
./images/186480351.jpg,Unknown,2697
./images/392994411.jpg,Unknown,1699
./images/298359771.jpg,Male,2169
./images/71458201.jpg,Unknown,3194
./images/512328341.jpg,Unknown,1078
./images/390213571.jpg,Unknown,1724
./images/612936576.jpg,Unknown,297
./images/434116841.jpg,Unknown,1506
./images/529068731.jpg,Unknown,984
./images/421950891.jpg,Male,1545
./images/508749191.jpg,Unknown,1098
./images/612306543.jpg,Unknown,339
./images/188616281.jpg,Unknown,2688
./images/344782221.jpg,Male,1959
./images/231767401.jpg,Unknown,2441
./images/449083521.jpg,Unknown,1454
./images/259240001.jpg,Unknown,2317
./images/454463721.jpg,Unknown,1421
./images/615951155.jpg,Unknown,112
./images/473969271.jpg,Unknown,1305
./images/459020421.jpg,Unknown,1403
./images/517936411.jpg,Unknown,1062
./images/471319271.jpg,Unknown,1331
./images/551608811.jpg,Unknown,824
./images/50949981.jpg,Unknown,3254
./images/348373281.jpg,Unknown,1939
./images/227554211.jpg,Unknown,2451
./images/285196131.jpg,Unknown,2216
./images/46723501.jpg,Unknown,3278
./images/702315.jpg,Unknown,2594
./images/363688261.jpg,Male,1836
./images/205478781.jpg,Unknown,2579
./images/326980511.jpg,Unknown,2033
./images/599087511.jpg,Unknown,611
./images/607256971.jpg,Unknown,535
./images/310215871.jpg,Unknown,2111
./images/46053131.jpg,Unknown,3280
./images/104437841.jpg,Unknown,3070
./images/525808901.jpg,Unknown,1008
./images/360017811.jpg,Unknown,1857
./images/121616151.jpg,Male,2976
./images/342008581.jpg,Unknown,1987
./images/468772481.jpg,Unknown,1345
./images/110195461.jpg,Unknown,3029
./images/218527721.jpg,Unknown,2488
./images/330742861.jpg,Unknown,2020
./images/456727741.jpg,Unknown,1413
./images/205539541.jpg,Unknown,2571
./images/285921721.jpg,Unknown,2213
./images/504897831.jpg,Unknown,1134
./images/609934457.jpg,Unknown,457
./images/104774241.jpg,Male,3067
./images/101646831.jpg,Male,3084
./images/525061081.jpg,Unknown,1019
./images/308554011.jpg,Unknown,2123
./images/617151140.jpg,Unknown,7
./images/531125701.jpg,Unknown,965
./images/600093931.jpg,Unknown,607
./images/612936581.jpg,Unknown,295
./images/609559502.jpg,Unknown,479
./images/225823551.jpg,Unknown,2459
./images/116456651.jpg,Female,3005
./images/451853161.jpg,Unknown,1437
./images/121639621.jpg,Unknown,2975
./images/204835421.jpg,Unknown,2562
./images/233397891.jpg,Unknown,2431
./images/610978659.jpg,Female,408
./images/49659881.jpg,Female,3262
./images/206038161.jpg,Unknown,2575
./images/423045841.jpg,Unknown,1543
./images/104273031.jpg,Male,3072
./images/538710941.jpg,Unknown,914
./images/502810611.jpg,Unknown,1154
./images/79506051.jpg,Male,3173
./images/330175431.jpg,Male,2021
./images/108059691.jpg,Unknown,3039
./images/615786219.jpg,Unknown,125
./images/205225101.jpg,Unknown,2566
./images/610318035.jpg,Unknown,439
./images/505733841.jpg,Unknown,1125
./images/106294791.jpg,Unknown,3060
./images/342008691.jpg,Unknown,1985
./images/540156821.jpg,Unknown,896
./images/199400921.jpg,Unknown,2623
./images/532797961.jpg,Unknown,951
./images/552798671.jpg,Unknown,817
./images/616670276.jpg,Unknown,53
./images/476756341.jpg,Male,1286
./images/117505911.jpg,Unknown,3002
./images/369056731.jpg,Unknown,1793
./images/75134081.jpg,Male,3182
./images/616895567.jpg,Male,21
./images/549230541.jpg,Unknown,840
./images/614668344.jpg,Unknown,205
./images/384157011.jpg,Female,1754
./images/62454651.jpg,Male,3227
./images/383584691.jpg,Male,1757
./images/480783501.jpg,Unknown,1253
./images/373495581.jpg,Unknown,1784
./images/421437681.jpg,Unknown,1552
./images/336345351.jpg,Unknown,2009
./images/615648168.jpg,Unknown,155
./images/549230571.jpg,Unknown,839
./images/197183931.jpg,Unknown,2630
./images/540156351.jpg,Unknown,898
./images/356434681.jpg,Unknown,1884
./images/614737751.jpg,Unknown,199
./images/610557797.jpg,Unknown,431
./images/614819210.jpg,Unknown,197
./images/542014281.jpg,Unknown,887
./images/540392251.jpg,Unknown,895
./images/437871761.jpg,Unknown,1498
./images/117506891.jpg,Female,3001
./images/509108521.jpg,Unknown,1094
./images/606987761.jpg,Unknown,552
./images/344781711.jpg,Unknown,1964
./images/109021121.jpg,Male,3035
./images/476334361.jpg,Male,1289
./images/436066091.jpg,Unknown,1502
./images/536646581.jpg,Unknown,924
./images/606987771.jpg,Unknown,551
./images/507459761.jpg,Unknown,1112
./images/390708911.jpg,Unknown,1723
./images/238454111.jpg,Unknown,2415
./images/162941961.jpg,Unknown,2804
./images/485449281.jpg,Unknown,1227
./images/202494011.jpg,Unknown,2607
./images/502159911.jpg,Unknown,1155
./images/467520661.jpg,Unknown,1362
./images/403449701.jpg,Female,1628
./images/303635251.jpg,Unknown,2147
./images/313424931.jpg,Unknown,2110
./images/131972931.jpg,Female,2947
./images/45284171.jpg,Unknown,3285
./images/320589851.jpg,Male,2062
./images/189545631.jpg,Unknown,2682
./images/120816541.jpg,Female,2980
./images/214913571.jpg,Male,2509
./images/411474611.jpg,Male,1595
./images/120536851.jpg,Unknown,2984
./images/595325261.jpg,Unknown,628
./images/366098821.jpg,Unknown,1812
./images/332333681.jpg,Unknown,2016
./images/616846317.jpg,Unknown,33
./images/198054581.jpg,Unknown,2626
./images/99188661.jpg,Unknown,3094
./images/187386591.jpg,Unknown,2692
